Rent_Type,Title,Location,Bedrooms,Bathrooms,Rent,Availability_Month,Gender,Property_URL
Seat,Bachelor Seat Rent,"Malibag, Shahjahanpur",1,1,4000,October,Male,https://www.thetolet.com/bd/property-post/dhaka/shahjahanpur/100650/bachelor
Seat,Bachelor Seat Rent,"Shantibag, Shahjahanpur",1,1,3000,October,Male,https://www.thetolet.com/bd/property-post/dhaka/shahjahanpur/100572/bachelor
Room,Bachelor Room Rent,"Gulbagh, Shahjahanpur",1,1,9000,November,Male,https://www.thetolet.com/bd/property-post/dhaka/shahjahanpur/100317/bachelor
Seat,Bachelor Seat Rent,"Malibag, Shahjahanpur",1,1,3000,November,Male,https://www.thetolet.com/bd/property-post/dhaka/shahjahanpur/100269/bachelor
Seat,Bachelor Seat Rent,"Shantibag, Shahjahanpur",1,1,4000,November,Male,https://www.thetolet.com/bd/property-post/dhaka/shahjahanpur/100266/bachelor
Seat,Bachelor Seat Rent,"Gulbagh, Shahjahanpur",1,1,2800,October,Female,https://www.thetolet.com/bd/property-post/dhaka/shahjahanpur/100048/bachelor
Seat,Bachelor Seat Rent,"Mouchak, Shahjahanpur",1,1,1850,October,Male,https://www.thetolet.com/bd/property-post/dhaka/shahjahanpur/100036/bachelor
Seat,Bachelor Seat Rent,"Malibag, Shahjahanpur",1,1,3300,November,Male,https://www.thetolet.com/bd/property-post/dhaka/shahjahanpur/100006/bachelor
Room,Bachelor Room Rent,"Shantibag, Shahjahanpur",1,1,8500,October,Female,https://www.thetolet.com/bd/property-post/dhaka/shahjahanpur/99720/bachelor
Room,Bachelor Room Rent,"Gulbagh, Shahjahanpur",1,1,9000,November,Male,https://www.thetolet.com/bd/property-post/dhaka/shahjahanpur/99686/bachelor
Room,Bachelor Room Rent,"Malibag, Shahjahanpur",1,1,8500,November,Female,https://www.thetolet.com/bd/property-post/dhaka/shahjahanpur/99670/bachelor
Seat,Bachelor Seat Rent,"Malibag, Shahjahanpur",1,1,2700,November,Male,https://www.thetolet.com/bd/property-post/dhaka/shahjahanpur/99647/bachelor
Room,Bachelor Room Rent,"Shahjahanpur, Dhaka",1,1,9000,November,Male,https://www.thetolet.com/bd/property-post/dhaka/shahjahanpur/99580/bachelor
Seat,Bachelor Seat Rent,"Malibag, Shahjahanpur",1,1,4000,October,Female,https://www.thetolet.com/bd/property-post/dhaka/shahjahanpur/99321/bachelor
Seat,Bachelor Seat Rent,"Shantibag, Shahjahanpur",1,1,2600,October,Male,https://www.thetolet.com/bd/property-post/dhaka/shahjahanpur/98864/bachelor
Room,Bachelor Room Rent,"Malibag, Shahjahanpur",1,1,3400,October,Female,https://www.thetolet.com/bd/property-post/dhaka/shahjahanpur/98747/bachelor
Room,Bachelor Room Rent,"Mouchak, Shahjahanpur",1,1,5000,October,Female,https://www.thetolet.com/bd/property-post/dhaka/shahjahanpur/98681/bachelor
Seat,Bachelor Seat Rent,"Shantibag, Shahjahanpur",1,1,3000,October,Male,https://www.thetolet.com/bd/property-post/dhaka/shahjahanpur/98648/bachelor
Seat,Bachelor Seat Rent,"Malibag, Shahjahanpur",1,1,3500,October,Male,https://www.thetolet.com/bd/property-post/dhaka/shahjahanpur/98607/bachelor
Seat,Bachelor Seat Rent,"Malibag, Shahjahanpur",1,1,3000,October,Male,https://www.thetolet.com/bd/property-post/dhaka/shahjahanpur/98125/bachelor
Seat,Bachelor Seat Rent,"Malibag, Shahjahanpur",1,1,3100,October,Male,https://www.thetolet.com/bd/property-post/dhaka/shahjahanpur/98109/bachelor
Seat,Bachelor Seat Rent,"Malibag, Shahjahanpur",1,1,4500,November,Female,https://www.thetolet.com/bd/property-post/dhaka/shahjahanpur/97947/bachelor
Room,Bachelor Room Rent,"Malibag, Shahjahanpur",1,1,8000,October,Male,https://www.thetolet.com/bd/property-post/dhaka/shahjahanpur/97762/bachelor
Seat,Bachelor Seat Rent,"Mouchak, Shahjahanpur",1,1,4200,October,Male,https://www.thetolet.com/bd/property-post/dhaka/shahjahanpur/97669/bachelor
Seat,Bachelor Seat Rent,"Shantibag, Shahjahanpur",1,1,2000,October,Male,https://www.thetolet.com/bd/property-post/dhaka/shahjahanpur/97383/bachelor
Room,Bachelor Room Rent,"Gulbagh, Shahjahanpur",1,1,9000,November,Male,https://www.thetolet.com/bd/property-post/dhaka/shahjahanpur/97380/bachelor
Seat,Bachelor Seat Rent,"Malibag, Shahjahanpur",1,1,3500,October,Male,https://www.thetolet.com/bd/property-post/dhaka/shahjahanpur/97378/bachelor
Seat,Bachelor Seat Rent,"Malibag, Shahjahanpur",1,1,3750,November,Male,https://www.thetolet.com/bd/property-post/dhaka/shahjahanpur/97367/bachelor
Seat,Bachelor Seat Rent,"Malibag, Shahjahanpur",1,1,3000,November,Male,https://www.thetolet.com/bd/property-post/dhaka/shahjahanpur/97366/bachelor
Seat,Bachelor Seat Rent,"Shantibag, Shahjahanpur",1,1,3000,September,Male,https://www.thetolet.com/bd/property-post/dhaka/shahjahanpur/97365/bachelor
Seat,Bachelor Seat Rent,"Mouchak, Shahjahanpur",1,1,4800,September,Female,https://www.thetolet.com/bd/property-post/dhaka/shahjahanpur/97330/bachelor
Seat,Bachelor Seat Rent,"Malibag, Shahjahanpur",1,1,4500,October,Female,https://www.thetolet.com/bd/property-post/dhaka/shahjahanpur/97223/bachelor
Seat,Bachelor Seat Rent,"Mouchak, Shahjahanpur",1,1,6600,September,Female,https://www.thetolet.com/bd/property-post/dhaka/shahjahanpur/97222/bachelor
Room,Bachelor Room Rent,"Malibag, Shahjahanpur",1,1,9000,November,Male,https://www.thetolet.com/bd/property-post/dhaka/shahjahanpur/97090/bachelor
Seat,Bachelor Seat Rent,"Siddheswari, Shahjahanpur",1,1,3500,September,Female,https://www.thetolet.com/bd/property-post/dhaka/shahjahanpur/96733/bachelor
Seat,Bachelor Seat Rent,"Malibag, Shahjahanpur",1,1,2700,October,Male,https://www.thetolet.com/bd/property-post/dhaka/shahjahanpur/96650/bachelor
Seat,Bachelor Seat Rent,"Gulbagh, Shahjahanpur",1,1,3400,September,Female,https://www.thetolet.com/bd/property-post/dhaka/shahjahanpur/96648/bachelor
Seat,Bachelor Seat Rent,"Malibag, Shahjahanpur",1,1,3500,October,Female,https://www.thetolet.com/bd/property-post/dhaka/shahjahanpur/96646/bachelor
Seat,Bachelor Seat Rent,"Malibag, Shahjahanpur",1,1,3500,October,Male,https://www.thetolet.com/bd/property-post/dhaka/shahjahanpur/96645/bachelor
Seat,Bachelor Seat Rent,"Malibag, Shahjahanpur",1,1,3000,October,Male,https://www.thetolet.com/bd/property-post/dhaka/shahjahanpur/96643/bachelor
Seat,Bachelor Seat Rent,"Malibag, Shahjahanpur",1,1,3500,October,Male,https://www.thetolet.com/bd/property-post/dhaka/shahjahanpur/96642/bachelor
Seat,Bachelor Seat Rent,"Malibag, Shahjahanpur",1,1,3000,October,Male,https://www.thetolet.com/bd/property-post/dhaka/shahjahanpur/96629/bachelor
Seat,Bachelor Seat Rent,"Malibag, Shahjahanpur",1,1,2600,September,Male,https://www.thetolet.com/bd/property-post/dhaka/shahjahanpur/96536/bachelor
Seat,Bachelor Seat Rent,"Malibag, Shahjahanpur",1,1,3500,September,Male,https://www.thetolet.com/bd/property-post/dhaka/shahjahanpur/96009/bachelor
Room,Bachelor Room Rent,"Malibag, Shahjahanpur",1,1,4500,October,Male,https://www.thetolet.com/bd/property-post/dhaka/shahjahanpur/95695/bachelor
Seat,Bachelor Seat Rent,"Gulbagh, Shahjahanpur",1,1,2000,October,Male,https://www.thetolet.com/bd/property-post/dhaka/shahjahanpur/95594/bachelor
Seat,Bachelor Seat Rent,"Malibag, Shahjahanpur",1,1,4500,September,Male,https://www.thetolet.com/bd/property-post/dhaka/shahjahanpur/95315/bachelor
Seat,Bachelor Seat Rent,"Shahjahanpur, Dhaka",1,1,3200,September,Male,https://www.thetolet.com/bd/property-post/dhaka/shahjahanpur/95180/bachelor
Seat,Bachelor Seat Rent,"Malibag, Shahjahanpur",1,1,2000,September,Male,https://www.thetolet.com/bd/property-post/dhaka/shahjahanpur/94938/bachelor
Seat,Bachelor Seat Rent,"Siddheswari, Shahjahanpur",1,1,3800,September,Female,https://www.thetolet.com/bd/property-post/dhaka/shahjahanpur/94935/bachelor
Seat,Bachelor Seat Rent,"Mouchak, Shahjahanpur",1,1,4000,September,Female,https://www.thetolet.com/bd/property-post/dhaka/shahjahanpur/94833/bachelor
Room,Bachelor Room Rent,"Mouchak, Shahjahanpur",1,1,3340,September,Male,https://www.thetolet.com/bd/property-post/dhaka/shahjahanpur/94745/bachelor
Seat,Bachelor Seat Rent,"Mouchak, Shahjahanpur",1,1,4000,September,Male,https://www.thetolet.com/bd/property-post/dhaka/shahjahanpur/94605/bachelor
Room,Bachelor Room Rent,"Shahjahanpur, Dhaka",1,1,7900,September,Male,https://www.thetolet.com/bd/property-post/dhaka/shahjahanpur/94592/bachelor
Seat,Bachelor Seat Rent,"Gulbagh, Shahjahanpur",1,1,3250,August,Male,https://www.thetolet.com/bd/property-post/dhaka/shahjahanpur/94544/bachelor
Seat,Bachelor Seat Rent,"Mouchak, Shahjahanpur",1,1,4500,September,Female,https://www.thetolet.com/bd/property-post/dhaka/shahjahanpur/94453/bachelor
Seat,Bachelor Seat Rent,"Siddheswari, Shahjahanpur",1,1,5000,August,Female,https://www.thetolet.com/bd/property-post/dhaka/shahjahanpur/94445/bachelor
Seat,Bachelor Seat Rent,"Mouchak, Shahjahanpur",1,1,4200,August,Female,https://www.thetolet.com/bd/property-post/dhaka/shahjahanpur/94386/bachelor
Seat,Bachelor Seat Rent,"Shantibag, Shahjahanpur",1,1,4000,September,Male,https://www.thetolet.com/bd/property-post/dhaka/shahjahanpur/94384/bachelor
Seat,Bachelor Seat Rent,"Shantibag, Shahjahanpur",1,1,3500,September,Female,https://www.thetolet.com/bd/property-post/dhaka/shahjahanpur/94382/bachelor
Room,Bachelor Room Rent,"Gulbagh, Shahjahanpur",1,1,7300,September,Male,https://www.thetolet.com/bd/property-post/dhaka/shahjahanpur/94379/bachelor
Seat,Bachelor Seat Rent,"Shantibag, Shahjahanpur",1,1,2800,September,Male,https://www.thetolet.com/bd/property-post/dhaka/shahjahanpur/94378/bachelor
Room,Bachelor Room Rent,"Gulbagh, Shahjahanpur",1,1,6000,September,Male,https://www.thetolet.com/bd/property-post/dhaka/shahjahanpur/94358/bachelor
Seat,Bachelor Seat Rent,"Shantibag, Shahjahanpur",1,1,3701,September,Male,https://www.thetolet.com/bd/property-post/dhaka/shahjahanpur/94352/bachelor
Seat,Bachelor Seat Rent,"Malibag, Shahjahanpur",1,1,2000,August,Female,https://www.thetolet.com/bd/property-post/dhaka/shahjahanpur/94290/bachelor
Room,Bachelor Room Rent,"Shantibag, Shahjahanpur",1,1,6262,September,Male,https://www.thetolet.com/bd/property-post/dhaka/shahjahanpur/93997/bachelor
Seat,Bachelor Seat Rent,"Malibag, Shahjahanpur",1,1,4000,September,Male,https://www.thetolet.com/bd/property-post/dhaka/shahjahanpur/93984/bachelor
Seat,Bachelor Seat Rent,"Malibag, Shahjahanpur",1,1,3500,August,Male,https://www.thetolet.com/bd/property-post/dhaka/shahjahanpur/93981/bachelor
Seat,Bachelor Seat Rent,"Malibag, Shahjahanpur",1,1,3500,September,Male,https://www.thetolet.com/bd/property-post/dhaka/shahjahanpur/93980/bachelor
Seat,Bachelor Seat Rent,"Gulbagh, Shahjahanpur",1,1,2000,August,Male,https://www.thetolet.com/bd/property-post/dhaka/shahjahanpur/93945/bachelor
Seat,Bachelor Seat Rent,"Mouchak, Shahjahanpur",1,1,3500,September,Female,https://www.thetolet.com/bd/property-post/dhaka/shahjahanpur/93918/bachelor
Seat,Bachelor Seat Rent,"Malibag, Shahjahanpur",1,1,2250,September,Male,https://www.thetolet.com/bd/property-post/dhaka/shahjahanpur/93841/bachelor
Room,Bachelor Room Rent,"Malibag, Shahjahanpur",1,1,7800,September,Male,https://www.thetolet.com/bd/property-post/dhaka/shahjahanpur/93611/bachelor
Seat,Bachelor Seat Rent,"Malibag, Shahjahanpur",1,1,2300,September,Male,https://www.thetolet.com/bd/property-post/dhaka/shahjahanpur/93610/bachelor
Seat,Bachelor Seat Rent,"Shantibag, Shahjahanpur",1,1,4250,September,Male,https://www.thetolet.com/bd/property-post/dhaka/shahjahanpur/93608/bachelor
Room,Bachelor Room Rent,"Shantibag, Shahjahanpur",1,1,7500,September,Male,https://www.thetolet.com/bd/property-post/dhaka/shahjahanpur/93607/bachelor
Seat,Bachelor Seat Rent,"Malibag, Shahjahanpur",1,1,3000,August,Male,https://www.thetolet.com/bd/property-post/dhaka/shahjahanpur/93605/bachelor
Seat,Bachelor Seat Rent,"Shantibag, Shahjahanpur",1,1,3000,August,Male,https://www.thetolet.com/bd/property-post/dhaka/shahjahanpur/93543/bachelor
Room,Bachelor Room Rent,"Malibag, Shahjahanpur",1,1,9000,September,Male,https://www.thetolet.com/bd/property-post/dhaka/shahjahanpur/93538/bachelor
Seat,Bachelor Seat Rent,"Siddheswari, Shahjahanpur",1,1,4200,September,Female,https://www.thetolet.com/bd/property-post/dhaka/shahjahanpur/93536/bachelor
Seat,Bachelor Seat Rent,"Mouchak, Shahjahanpur",1,1,3400,August,Female,https://www.thetolet.com/bd/property-post/dhaka/shahjahanpur/93535/bachelor
Seat,Bachelor Seat Rent,"Shantibag, Shahjahanpur",1,1,2000,August,Male,https://www.thetolet.com/bd/property-post/dhaka/shahjahanpur/93517/bachelor
Seat,Bachelor Seat Rent,"Gulbagh, Shahjahanpur",1,1,2500,September,Male,https://www.thetolet.com/bd/property-post/dhaka/shahjahanpur/93514/bachelor
Seat,Bachelor Seat Rent,"Shantibag, Shahjahanpur",1,1,2600,August,Male,https://www.thetolet.com/bd/property-post/dhaka/shahjahanpur/93425/bachelor
Seat,Bachelor Seat Rent,"Mouchak, Shahjahanpur",1,1,4000,September,Male,https://www.thetolet.com/bd/property-post/dhaka/shahjahanpur/92934/bachelor
Room,Bachelor Room Rent,"Malibag, Shahjahanpur",1,1,8500,August,Female,https://www.thetolet.com/bd/property-post/dhaka/shahjahanpur/92889/bachelor
Room,Bachelor Room Rent,"Shantibag, Shahjahanpur",1,1,7000,August,Male,https://www.thetolet.com/bd/property-post/dhaka/shahjahanpur/92888/bachelor
Seat,Bachelor Seat Rent,"Siddheswari, Shahjahanpur",1,1,5300,August,Female,https://www.thetolet.com/bd/property-post/dhaka/shahjahanpur/92886/bachelor
Seat,Bachelor Seat Rent,"Malibag, Shahjahanpur",1,1,3500,August,Male,https://www.thetolet.com/bd/property-post/dhaka/shahjahanpur/92885/bachelor
Seat,Bachelor Seat Rent,"Gulbagh, Shahjahanpur",1,1,2200,August,Male,https://www.thetolet.com/bd/property-post/dhaka/shahjahanpur/92481/bachelor
Seat,Bachelor Seat Rent,"Malibag, Shahjahanpur",1,1,2950,August,Male,https://www.thetolet.com/bd/property-post/dhaka/shahjahanpur/92478/bachelor
Room,Bachelor Room Rent,"Malibag, Shahjahanpur",1,1,10500,August,Male,https://www.thetolet.com/bd/property-post/dhaka/shahjahanpur/92477/bachelor
Seat,Bachelor Seat Rent,"Shantibag, Shahjahanpur",1,1,3500,August,Male,https://www.thetolet.com/bd/property-post/dhaka/shahjahanpur/92399/bachelor
Seat,Bachelor Seat Rent,"Malibag, Shahjahanpur",1,1,3000,August,Male,https://www.thetolet.com/bd/property-post/dhaka/shahjahanpur/92389/bachelor
Seat,Bachelor Seat Rent,"Malibag, Shahjahanpur",1,1,3000,September,Male,https://www.thetolet.com/bd/property-post/dhaka/shahjahanpur/92204/bachelor
Seat,Bachelor Seat Rent,"Gulbagh, Shahjahanpur",1,1,3000,August,Male,https://www.thetolet.com/bd/property-post/dhaka/shahjahanpur/92203/bachelor
Seat,Bachelor Seat Rent,"Malibag, Shahjahanpur",1,1,3500,August,Female,https://www.thetolet.com/bd/property-post/dhaka/shahjahanpur/91921/bachelor
Seat,Bachelor Seat Rent,"Malibag, Shahjahanpur",1,1,3000,August,Male,https://www.thetolet.com/bd/property-post/dhaka/shahjahanpur/91891/bachelor
Seat,Bachelor Seat Rent,"Shantibag, Shahjahanpur",1,1,3800,August,Male,https://www.thetolet.com/bd/property-post/dhaka/shahjahanpur/91589/bachelor
Seat,Bachelor Seat Rent,"Shahjahanpur, Dhaka",1,1,3500,July,Male,https://www.thetolet.com/bd/property-post/dhaka/shahjahanpur/91588/bachelor
Seat,Bachelor Seat Rent,"Malibag, Shahjahanpur",1,1,2800,August,Male,https://www.thetolet.com/bd/property-post/dhaka/shahjahanpur/91576/bachelor
Seat,Bachelor Seat Rent,"Malibag, Shahjahanpur",1,1,2500,August,Male,https://www.thetolet.com/bd/property-post/dhaka/shahjahanpur/91574/bachelor
Room,Bachelor Room Rent,"Shahjahanpur, Dhaka",1,1,7000,August,Male,https://www.thetolet.com/bd/property-post/dhaka/shahjahanpur/91261/bachelor
Seat,Bachelor Seat Rent,"Shantibag, Shahjahanpur",1,1,2900,August,Male,https://www.thetolet.com/bd/property-post/dhaka/shahjahanpur/91189/bachelor
Seat,Bachelor Seat Rent,"Shantibag, Shahjahanpur",1,1,4000,August,Female,https://www.thetolet.com/bd/property-post/dhaka/shahjahanpur/91073/bachelor
Seat,Bachelor Seat Rent,"Siddheswari, Shahjahanpur",1,1,5000,July,Female,https://www.thetolet.com/bd/property-post/dhaka/shahjahanpur/90949/bachelor
Seat,Bachelor Seat Rent,"Siddheswari, Shahjahanpur",1,1,3500,August,Male,https://www.thetolet.com/bd/property-post/dhaka/shahjahanpur/90948/bachelor
Seat,Bachelor Seat Rent,"Malibag, Shahjahanpur",1,1,3500,August,Male,https://www.thetolet.com/bd/property-post/dhaka/shahjahanpur/90946/bachelor
Room,Bachelor Room Rent,"Malibag, Shahjahanpur",1,1,3500,August,Male,https://www.thetolet.com/bd/property-post/dhaka/shahjahanpur/90945/bachelor
Seat,Bachelor Seat Rent,"Shahjahanpur, Dhaka",1,1,2500,July,Male,https://www.thetolet.com/bd/property-post/dhaka/shahjahanpur/90944/bachelor
Seat,Bachelor Seat Rent,"Shantibag, Shahjahanpur",1,1,3000,August,Male,https://www.thetolet.com/bd/property-post/dhaka/shahjahanpur/90858/bachelor
Seat,Bachelor Seat Rent,"Gulbagh, Shahjahanpur",1,1,2250,August,Male,https://www.thetolet.com/bd/property-post/dhaka/shahjahanpur/90857/bachelor
Seat,Bachelor Seat Rent,"Shantibag, Shahjahanpur",1,1,2600,July,Male,https://www.thetolet.com/bd/property-post/dhaka/shahjahanpur/90680/bachelor
Room,Bachelor Room Rent,"Malibag, Shahjahanpur",1,1,9000,August,Male,https://www.thetolet.com/bd/property-post/dhaka/shahjahanpur/90479/bachelor
Room,Bachelor Room Rent,"Gulbagh, Shahjahanpur",1,1,7500,August,Male,https://www.thetolet.com/bd/property-post/dhaka/shahjahanpur/90476/bachelor
Seat,Bachelor Seat Rent,"Shantibag, Shahjahanpur",1,1,3180,August,Male,https://www.thetolet.com/bd/property-post/dhaka/shahjahanpur/90475/bachelor
Seat,Bachelor Seat Rent,"Malibag, Shahjahanpur",1,1,3000,July,Male,https://www.thetolet.com/bd/property-post/dhaka/shahjahanpur/90474/bachelor
Room,Bachelor Room Rent,"Shantibag, Shahjahanpur",1,1,6000,July,Male,https://www.thetolet.com/bd/property-post/dhaka/shahjahanpur/90473/bachelor
Seat,Bachelor Seat Rent,"Shahjahanpur, Dhaka",1,1,2750,August,Male,https://www.thetolet.com/bd/property-post/dhaka/shahjahanpur/90314/bachelor
Seat,Bachelor Seat Rent,"Shahjahanpur, Dhaka",1,1,2167,July,Male,https://www.thetolet.com/bd/property-post/dhaka/shahjahanpur/89876/bachelor
Seat,Bachelor Seat Rent,"Malibag, Shahjahanpur",1,1,3500,July,Male,https://www.thetolet.com/bd/property-post/dhaka/shahjahanpur/89840/bachelor
Seat,Bachelor Seat Rent,"Malibag, Shahjahanpur",1,1,2500,July,Male,https://www.thetolet.com/bd/property-post/dhaka/shahjahanpur/89504/bachelor
Seat,Bachelor Seat Rent,"Malibag, Shahjahanpur",1,1,2300,July,Male,https://www.thetolet.com/bd/property-post/dhaka/shahjahanpur/89502/bachelor
Seat,Bachelor Seat Rent,"Malibag, Shahjahanpur",1,1,3300,July,Male,https://www.thetolet.com/bd/property-post/dhaka/shahjahanpur/89499/bachelor
Seat,Bachelor Seat Rent,"Malibag, Shahjahanpur",1,1,1800,June,Male,https://www.thetolet.com/bd/property-post/dhaka/shahjahanpur/89498/bachelor
Seat,Bachelor Seat Rent,"Malibag, Shahjahanpur",1,1,3000,July,Male,https://www.thetolet.com/bd/property-post/dhaka/shahjahanpur/89366/bachelor
Seat,Bachelor Seat Rent,"Malibag, Shahjahanpur",1,1,3500,August,Male,https://www.thetolet.com/bd/property-post/dhaka/shahjahanpur/89267/bachelor
Room,Bachelor Room Rent,"Malibag, Shahjahanpur",1,1,3939,June,Male,https://www.thetolet.com/bd/property-post/dhaka/shahjahanpur/89200/bachelor
Seat,Bachelor Seat Rent,"Malibag, Shahjahanpur",1,1,3500,June,Male,https://www.thetolet.com/bd/property-post/dhaka/shahjahanpur/88899/bachelor
Seat,Bachelor Seat Rent,"Malibag, Shahjahanpur",1,1,3200,July,Male,https://www.thetolet.com/bd/property-post/dhaka/shahjahanpur/88778/bachelor
Flat,Bachelor Flat Rent,"Malibag, Shahjahanpur",2,2,17000,August,Male,https://www.thetolet.com/bd/property-post/dhaka/shahjahanpur/88772/bachelor
Seat,Bachelor Seat Rent,"Malibag, Shahjahanpur",1,1,3300,July,Male,https://www.thetolet.com/bd/property-post/dhaka/shahjahanpur/88769/bachelor
Seat,Bachelor Seat Rent,"Siddheswari, Shahjahanpur",1,1,3500,July,Female,https://www.thetolet.com/bd/property-post/dhaka/shahjahanpur/88766/bachelor
Seat,Bachelor Seat Rent,"Malibag, Shahjahanpur",1,1,2345,July,Male,https://www.thetolet.com/bd/property-post/dhaka/shahjahanpur/88725/bachelor
Seat,Bachelor Seat Rent,"Shantibag, Shahjahanpur",1,1,2900,July,Male,https://www.thetolet.com/bd/property-post/dhaka/shahjahanpur/88714/bachelor
Seat,Bachelor Seat Rent,"Malibag, Shahjahanpur",1,1,3000,July,Male,https://www.thetolet.com/bd/property-post/dhaka/shahjahanpur/88713/bachelor
Seat,Bachelor Seat Rent,"Malibag, Shahjahanpur",1,1,2600,July,Male,https://www.thetolet.com/bd/property-post/dhaka/shahjahanpur/88711/bachelor
Seat,Bachelor Seat Rent,"Malibag, Shahjahanpur",1,1,3000,July,Male,https://www.thetolet.com/bd/property-post/dhaka/shahjahanpur/88259/bachelor
Seat,Bachelor Seat Rent,"Malibag, Shahjahanpur",1,1,2600,July,Male,https://www.thetolet.com/bd/property-post/dhaka/shahjahanpur/88094/bachelor
Seat,Bachelor Seat Rent,"Malibag, Shahjahanpur",1,1,2500,June,Male,https://www.thetolet.com/bd/property-post/dhaka/shahjahanpur/88093/bachelor
Seat,Bachelor Seat Rent,"Malibag, Shahjahanpur",1,1,2000,July,Male,https://www.thetolet.com/bd/property-post/dhaka/shahjahanpur/88092/bachelor
Seat,Bachelor Seat Rent,"Shahjahanpur, Dhaka",1,1,2500,July,Male,https://www.thetolet.com/bd/property-post/dhaka/shahjahanpur/87685/bachelor
Seat,Bachelor Seat Rent,"Malibag, Shahjahanpur",1,1,3700,June,Female,https://www.thetolet.com/bd/property-post/dhaka/shahjahanpur/87683/bachelor
Seat,Bachelor Seat Rent,"Shahjahanpur, Dhaka",1,1,200,June,Male,https://www.thetolet.com/bd/property-post/dhaka/shahjahanpur/87682/bachelor
Seat,Bachelor Seat Rent,"Mouchak, Shahjahanpur",1,1,6600,June,Female,https://www.thetolet.com/bd/property-post/dhaka/shahjahanpur/87681/bachelor
Room,Bachelor Room Rent,"Shantibag, Shahjahanpur",1,1,7500,July,Male,https://www.thetolet.com/bd/property-post/dhaka/shahjahanpur/87370/bachelor
Seat,Bachelor Seat Rent,"Gulbagh, Shahjahanpur",1,1,2800,July,Female,https://www.thetolet.com/bd/property-post/dhaka/shahjahanpur/87369/bachelor
Seat,Bachelor Seat Rent,"Malibag, Shahjahanpur",1,1,3500,July,Female,https://www.thetolet.com/bd/property-post/dhaka/shahjahanpur/87318/bachelor
Seat,Bachelor Seat Rent,"Malibag, Shahjahanpur",1,1,3500,July,Male,https://www.thetolet.com/bd/property-post/dhaka/shahjahanpur/87317/bachelor
Seat,Bachelor Seat Rent,"Malibag, Shahjahanpur",1,1,6500,July,Male,https://www.thetolet.com/bd/property-post/dhaka/shahjahanpur/86986/bachelor
Seat,Bachelor Seat Rent,"Malibag, Shahjahanpur",1,1,2600,June,Male,https://www.thetolet.com/bd/property-post/dhaka/shahjahanpur/86701/bachelor
Room,Bachelor Room Rent,"Gulbagh, Shahjahanpur",1,1,7500,July,Male,https://www.thetolet.com/bd/property-post/dhaka/shahjahanpur/86377/bachelor
Seat,Bachelor Seat Rent,"Malibag, Shahjahanpur",1,1,2150,June,Male,https://www.thetolet.com/bd/property-post/dhaka/shahjahanpur/86375/bachelor
Seat,Bachelor Seat Rent,"Siddheswari, Shahjahanpur",1,1,4500,May,Female,https://www.thetolet.com/bd/property-post/dhaka/shahjahanpur/86271/bachelor
Seat,Bachelor Seat Rent,"Malibag, Shahjahanpur",1,1,4700,June,Female,https://www.thetolet.com/bd/property-post/dhaka/shahjahanpur/86269/bachelor
Seat,Bachelor Seat Rent,"Malibag, Shahjahanpur",1,1,3500,June,Female,https://www.thetolet.com/bd/property-post/dhaka/shahjahanpur/86268/bachelor
Seat,Bachelor Seat Rent,"Malibag, Shahjahanpur",1,1,2300,June,Male,https://www.thetolet.com/bd/property-post/dhaka/shahjahanpur/86267/bachelor
Seat,Bachelor Seat Rent,"Malibag, Shahjahanpur",1,1,2450,June,Male,https://www.thetolet.com/bd/property-post/dhaka/shahjahanpur/85842/bachelor
Room,Bachelor Room Rent,"Malibag, Shahjahanpur",1,1,9000,July,Male,https://www.thetolet.com/bd/property-post/dhaka/shahjahanpur/85840/bachelor
Seat,Bachelor Seat Rent,"Malibag, Shahjahanpur",1,1,8000,June,Male,https://www.thetolet.com/bd/property-post/dhaka/shahjahanpur/85740/bachelor
Seat,Bachelor Seat Rent,"Shantibag, Shahjahanpur",1,1,3500,June,Male,https://www.thetolet.com/bd/property-post/dhaka/shahjahanpur/85738/bachelor
Seat,Bachelor Seat Rent,"Shantibag, Shahjahanpur",1,1,4000,June,Male,https://www.thetolet.com/bd/property-post/dhaka/shahjahanpur/85737/bachelor
Room,Bachelor Room Rent,"Malibag, Shahjahanpur",1,1,7000,May,Male,https://www.thetolet.com/bd/property-post/dhaka/shahjahanpur/85308/bachelor
Seat,Bachelor Seat Rent,"Malibag, Shahjahanpur",1,1,4000,June,Male,https://www.thetolet.com/bd/property-post/dhaka/shahjahanpur/85306/bachelor
Seat,Bachelor Seat Rent,"Shahjahanpur, Dhaka",1,1,1750,June,Male,https://www.thetolet.com/bd/property-post/dhaka/shahjahanpur/85305/bachelor
Seat,Bachelor Seat Rent,"Malibag, Shahjahanpur",1,1,3000,June,Male,https://www.thetolet.com/bd/property-post/dhaka/shahjahanpur/85127/bachelor
Seat,Bachelor Seat Rent,"Shantibag, Shahjahanpur",1,1,3200,June,Male,https://www.thetolet.com/bd/property-post/dhaka/shahjahanpur/85126/bachelor
Seat,Bachelor Seat Rent,"Shantibag, Shahjahanpur",1,1,3300,May,Male,https://www.thetolet.com/bd/property-post/dhaka/shahjahanpur/84820/bachelor
Seat,Bachelor Seat Rent,"Malibag, Shahjahanpur",1,1,3500,June,Female,https://www.thetolet.com/bd/property-post/dhaka/shahjahanpur/84817/bachelor
Seat,Bachelor Seat Rent,"Malibag, Shahjahanpur",1,1,3167,May,Male,https://www.thetolet.com/bd/property-post/dhaka/shahjahanpur/84721/bachelor
Seat,Bachelor Seat Rent,"Malibag, Shahjahanpur",1,1,2600,June,Male,https://www.thetolet.com/bd/property-post/dhaka/shahjahanpur/84719/bachelor
Seat,Bachelor Seat Rent,"Shantibag, Shahjahanpur",1,1,8000,May,Female,https://www.thetolet.com/bd/property-post/dhaka/shahjahanpur/84717/bachelor
Room,Bachelor Room Rent,"Shantibag, Shahjahanpur",1,1,7000,May,Male,https://www.thetolet.com/bd/property-post/dhaka/shahjahanpur/84477/bachelor
Seat,Bachelor Seat Rent,"Shantibag, Shahjahanpur",1,1,2600,April,Male,https://www.thetolet.com/bd/property-post/dhaka/shahjahanpur/84373/bachelor
Room,Bachelor Room Rent,"Shantibag, Shahjahanpur",1,1,5500,April,Male,https://www.thetolet.com/bd/property-post/dhaka/shahjahanpur/84118/bachelor
Seat,Bachelor Seat Rent,"Shantibag, Shahjahanpur",1,1,3300,May,Male,https://www.thetolet.com/bd/property-post/dhaka/shahjahanpur/84031/bachelor
Seat,Bachelor Seat Rent,"Malibag, Shahjahanpur",1,1,3300,May,Male,https://www.thetolet.com/bd/property-post/dhaka/shahjahanpur/84028/bachelor
Seat,Bachelor Seat Rent,"Siddheswari, Shahjahanpur",1,1,5000,May,Female,https://www.thetolet.com/bd/property-post/dhaka/shahjahanpur/84027/bachelor
Seat,Bachelor Seat Rent,"Malibag, Shahjahanpur",1,1,2950,May,Male,https://www.thetolet.com/bd/property-post/dhaka/shahjahanpur/83921/bachelor
Seat,Bachelor Seat Rent,"Malibag, Shahjahanpur",1,1,2200,May,Male,https://www.thetolet.com/bd/property-post/dhaka/shahjahanpur/83919/bachelor
Seat,Bachelor Seat Rent,"Shantibag, Shahjahanpur",1,1,2900,May,Male,https://www.thetolet.com/bd/property-post/dhaka/shahjahanpur/83918/bachelor
Seat,Bachelor Seat Rent,"Malibag, Shahjahanpur",1,1,3500,May,Male,https://www.thetolet.com/bd/property-post/dhaka/shahjahanpur/83740/bachelor
Room,Bachelor Room Rent,"Malibag, Shahjahanpur",1,1,9000,May,Male,https://www.thetolet.com/bd/property-post/dhaka/shahjahanpur/83534/bachelor
Room,Bachelor Room Rent,"Malibag, Shahjahanpur",1,1,7500,May,Male,https://www.thetolet.com/bd/property-post/dhaka/shahjahanpur/83524/bachelor
Seat,Bachelor Seat Rent,"Malibag, Shahjahanpur",1,1,4300,April,Female,https://www.thetolet.com/bd/property-post/dhaka/shahjahanpur/82920/bachelor
Seat,Bachelor Seat Rent,"Mouchak, Shahjahanpur",1,1,2800,April,Male,https://www.thetolet.com/bd/property-post/dhaka/shahjahanpur/82917/bachelor
Seat,Bachelor Seat Rent,"Malibag, Shahjahanpur",1,1,4700,April,Female,https://www.thetolet.com/bd/property-post/dhaka/shahjahanpur/82916/bachelor
Seat,Bachelor Seat Rent,"Shantibag, Shahjahanpur",1,1,2600,May,Male,https://www.thetolet.com/bd/property-post/dhaka/shahjahanpur/82914/bachelor
Seat,Bachelor Seat Rent,"Malibag, Shahjahanpur",1,1,2200,April,Male,https://www.thetolet.com/bd/property-post/dhaka/shahjahanpur/82797/bachelor
Seat,Bachelor Seat Rent,"Gulbagh, Shahjahanpur",1,1,2900,April,Female,https://www.thetolet.com/bd/property-post/dhaka/shahjahanpur/82796/bachelor
Seat,Bachelor Seat Rent,"Shahjahanpur, Dhaka",1,1,4200,March,Female,https://www.thetolet.com/bd/property-post/dhaka/shahjahanpur/82417/bachelor
Seat,Bachelor Seat Rent,"Malibag, Shahjahanpur",1,1,3800,May,Female,https://www.thetolet.com/bd/property-post/dhaka/shahjahanpur/82416/bachelor
Seat,Bachelor Seat Rent,"Malibag, Shahjahanpur",1,1,5000,April,Male,https://www.thetolet.com/bd/property-post/dhaka/shahjahanpur/82339/bachelor
Seat,Bachelor Seat Rent,"Shantibag, Shahjahanpur",1,1,4500,May,Male,https://www.thetolet.com/bd/property-post/dhaka/shahjahanpur/81968/bachelor
Seat,Bachelor Seat Rent,"Mouchak, Shahjahanpur",1,1,3300,May,Female,https://www.thetolet.com/bd/property-post/dhaka/shahjahanpur/81890/bachelor
Seat,Bachelor Seat Rent,"Shantibag, Shahjahanpur",1,1,3200,April,Male,https://www.thetolet.com/bd/property-post/dhaka/shahjahanpur/81887/bachelor
Seat,Bachelor Seat Rent,"Shantibag, Shahjahanpur",1,1,2250,April,Male,https://www.thetolet.com/bd/property-post/dhaka/shahjahanpur/81886/bachelor
Seat,Bachelor Seat Rent,"Shantibag, Shahjahanpur",1,1,4000,April,Female,https://www.thetolet.com/bd/property-post/dhaka/shahjahanpur/81885/bachelor
Room,Bachelor Room Rent,"Shantibag, Shahjahanpur",1,1,9000,April,Male,https://www.thetolet.com/bd/property-post/dhaka/shahjahanpur/81458/bachelor
Seat,Bachelor Seat Rent,"Shantibag, Shahjahanpur",1,1,2500,March,Male,https://www.thetolet.com/bd/property-post/dhaka/shahjahanpur/81456/bachelor
Room,Bachelor Room Rent,"Shahjahanpur, Dhaka",1,1,5000,March,Male,https://www.thetolet.com/bd/property-post/dhaka/shahjahanpur/81344/bachelor
Seat,Bachelor Seat Rent,"Malibag, Shahjahanpur",1,1,2000,April,Male,https://www.thetolet.com/bd/property-post/dhaka/shahjahanpur/81343/bachelor
Seat,Bachelor Seat Rent,"Shantibag, Shahjahanpur",1,1,4500,March,Male,https://www.thetolet.com/bd/property-post/dhaka/shahjahanpur/81176/bachelor
Seat,Bachelor Seat Rent,"Siddheswari, Shahjahanpur",1,1,4300,March,Female,https://www.thetolet.com/bd/property-post/dhaka/shahjahanpur/80831/bachelor
Seat,Bachelor Seat Rent,"Siddheswari, Shahjahanpur",1,1,5300,March,Female,https://www.thetolet.com/bd/property-post/dhaka/shahjahanpur/80503/bachelor
Room,Bachelor Room Rent,"Siddheswari, Shahjahanpur",1,1,9000,March,Male,https://www.thetolet.com/bd/property-post/dhaka/shahjahanpur/80502/bachelor
Seat,Bachelor Seat Rent,"Shantibag, Shahjahanpur",1,1,2600,February,Male,https://www.thetolet.com/bd/property-post/dhaka/shahjahanpur/80120/bachelor
Seat,Bachelor Seat Rent,"Malibag, Shahjahanpur",1,1,3700,March,Female,https://www.thetolet.com/bd/property-post/dhaka/shahjahanpur/80116/bachelor
Seat,Bachelor Seat Rent,"Malibag, Shahjahanpur",1,1,2500,March,Male,https://www.thetolet.com/bd/property-post/dhaka/shahjahanpur/80114/bachelor
Seat,Bachelor Seat Rent,"Malibag, Shahjahanpur",1,1,3000,March,Male,https://www.thetolet.com/bd/property-post/dhaka/shahjahanpur/80113/bachelor
Seat,Bachelor Seat Rent,"Mouchak, Shahjahanpur",1,1,3200,March,Female,https://www.thetolet.com/bd/property-post/dhaka/shahjahanpur/80110/bachelor
Seat,Bachelor Seat Rent,"Siddheswari, Shahjahanpur",1,1,4500,February,Male,https://www.thetolet.com/bd/property-post/dhaka/shahjahanpur/80011/bachelor
Seat,Bachelor Seat Rent,"Gulbagh, Shahjahanpur",1,1,3000,March,Female,https://www.thetolet.com/bd/property-post/dhaka/shahjahanpur/79978/bachelor
Seat,Bachelor Seat Rent,"Malibag, Shahjahanpur",1,1,4500,February,Male,https://www.thetolet.com/bd/property-post/dhaka/shahjahanpur/79683/bachelor
Seat,Bachelor Seat Rent,"Gulbagh, Shahjahanpur",1,1,2500,March,Male,https://www.thetolet.com/bd/property-post/dhaka/shahjahanpur/79680/bachelor
Room,Bachelor Room Rent,"Shantibag, Shahjahanpur",1,1,8000,March,Female,https://www.thetolet.com/bd/property-post/dhaka/shahjahanpur/79679/bachelor
Seat,Bachelor Seat Rent,"Shantibag, Shahjahanpur",1,1,2500,March,Male,https://www.thetolet.com/bd/property-post/dhaka/shahjahanpur/79538/bachelor
Room,Bachelor Room Rent,"Mouchak, Shahjahanpur",1,1,4200,March,Female,https://www.thetolet.com/bd/property-post/dhaka/shahjahanpur/79421/bachelor
Room,Bachelor Room Rent,"Gulbagh, Shahjahanpur",1,1,7500,March,Male,https://www.thetolet.com/bd/property-post/dhaka/shahjahanpur/79009/bachelor
Room,Bachelor Room Rent,"Malibag, Shahjahanpur",1,1,4500,March,Male,https://www.thetolet.com/bd/property-post/dhaka/shahjahanpur/78831/bachelor
Seat,Bachelor Seat Rent,"Mouchak, Shahjahanpur",1,1,2200,February,Male,https://www.thetolet.com/bd/property-post/dhaka/shahjahanpur/78496/bachelor
Seat,Bachelor Seat Rent,"Malibag, Shahjahanpur",1,1,5000,March,Male,https://www.thetolet.com/bd/property-post/dhaka/shahjahanpur/78291/bachelor
Seat,Bachelor Seat Rent,"Malibag, Shahjahanpur",1,1,4500,March,Male,https://www.thetolet.com/bd/property-post/dhaka/shahjahanpur/78177/bachelor
Seat,Bachelor Seat Rent,"Shantibag, Shahjahanpur",1,1,3000,February,Male,https://www.thetolet.com/bd/property-post/dhaka/shahjahanpur/78173/bachelor
Seat,Bachelor Seat Rent,"Shantibag, Shahjahanpur",1,1,4500,March,Male,https://www.thetolet.com/bd/property-post/dhaka/shahjahanpur/78172/bachelor
Seat,Bachelor Seat Rent,"Malibag, Shahjahanpur",1,1,1608,February,Male,https://www.thetolet.com/bd/property-post/dhaka/shahjahanpur/78073/bachelor
Seat,Bachelor Seat Rent,"Siddheswari, Shahjahanpur",1,1,3500,March,Male,https://www.thetolet.com/bd/property-post/dhaka/shahjahanpur/78040/bachelor
Seat,Bachelor Seat Rent,"Shahjahanpur, Dhaka",1,1,3000,February,Male,https://www.thetolet.com/bd/property-post/dhaka/shahjahanpur/78039/bachelor
Seat,Bachelor Seat Rent,"Malibag, Shahjahanpur",1,1,3150,March,Male,https://www.thetolet.com/bd/property-post/dhaka/shahjahanpur/78037/bachelor
Seat,Bachelor Seat Rent,"Shantibag, Shahjahanpur",1,1,2565,March,Male,https://www.thetolet.com/bd/property-post/dhaka/shahjahanpur/77584/bachelor
Seat,Bachelor Seat Rent,"Shantibag, Shahjahanpur",1,1,2600,March,Male,https://www.thetolet.com/bd/property-post/dhaka/shahjahanpur/77583/bachelor
Seat,Bachelor Seat Rent,"Malibag, Shahjahanpur",1,1,3400,February,Male,https://www.thetolet.com/bd/property-post/dhaka/shahjahanpur/77450/bachelor
Seat,Bachelor Seat Rent,"Malibag, Shahjahanpur",1,1,4500,February,Female,https://www.thetolet.com/bd/property-post/dhaka/shahjahanpur/77449/bachelor
Seat,Bachelor Seat Rent,"Malibag, Shahjahanpur",1,1,3300,March,Male,https://www.thetolet.com/bd/property-post/dhaka/shahjahanpur/77333/bachelor
Seat,Bachelor Seat Rent,"Malibag, Shahjahanpur",1,1,2200,February,Male,https://www.thetolet.com/bd/property-post/dhaka/shahjahanpur/77331/bachelor
Seat,Bachelor Seat Rent,"Malibag, Shahjahanpur",1,1,2950,February,Male,https://www.thetolet.com/bd/property-post/dhaka/shahjahanpur/77322/bachelor
Flat,Bachelor House Rent,"Malibag, Shahjahanpur",1,1,2800,February,Male,https://www.thetolet.com/bd/property-post/dhaka/shahjahanpur/77320/bachelor
Seat,Bachelor Seat Rent,"Gulbagh, Shahjahanpur",1,1,2200,February,Male,https://www.thetolet.com/bd/property-post/dhaka/shahjahanpur/77318/bachelor
Seat,Bachelor Seat Rent,"Gulbagh, Shahjahanpur",1,1,3000,March,Male,https://www.thetolet.com/bd/property-post/dhaka/shahjahanpur/77317/bachelor
Seat,Bachelor Seat Rent,"Malibag, Shahjahanpur",1,1,2600,January,Male,https://www.thetolet.com/bd/property-post/dhaka/shahjahanpur/76812/bachelor
Seat,Bachelor Seat Rent,"Gulbagh, Shahjahanpur",1,1,2900,March,Male,https://www.thetolet.com/bd/property-post/dhaka/shahjahanpur/76811/bachelor
Seat,Bachelor Seat Rent,"Malibag, Shahjahanpur",1,1,5000,February,Male,https://www.thetolet.com/bd/property-post/dhaka/shahjahanpur/76807/bachelor
Seat,Bachelor Seat Rent,"Malibag, Shahjahanpur",1,1,2500,February,Male,https://www.thetolet.com/bd/property-post/dhaka/shahjahanpur/76726/bachelor
Flat,Bachelor House Rent,"Malibag, Shahjahanpur",1,1,3700,February,Female,https://www.thetolet.com/bd/property-post/dhaka/shahjahanpur/76690/bachelor
Seat,Bachelor Seat Rent,"Mouchak, Shahjahanpur",1,1,4200,February,Female,https://www.thetolet.com/bd/property-post/dhaka/shahjahanpur/76688/bachelor
Seat,Bachelor Seat Rent,"Malibag, Shahjahanpur",1,1,4000,February,Male,https://www.thetolet.com/bd/property-post/dhaka/shahjahanpur/76600/bachelor
Seat,Bachelor Seat Rent,"Malibag, Shahjahanpur",1,1,6000,January,Female,https://www.thetolet.com/bd/property-post/dhaka/shahjahanpur/76269/bachelor
Seat,Bachelor Seat Rent,"Shahjahanpur, Dhaka",1,1,3000,February,Male,https://www.thetolet.com/bd/property-post/dhaka/shahjahanpur/76099/bachelor
Seat,Bachelor Seat Rent,"Mouchak, Shahjahanpur",1,1,3300,February,Female,https://www.thetolet.com/bd/property-post/dhaka/shahjahanpur/75883/bachelor
Room,Bachelor Room Rent,"Malibag, Shahjahanpur",1,1,8000,February,Male,https://www.thetolet.com/bd/property-post/dhaka/shahjahanpur/75879/bachelor
Flat,Bachelor House Rent,"Shantibag, Shahjahanpur",1,1,2000,January,Male,https://www.thetolet.com/bd/property-post/dhaka/shahjahanpur/75863/bachelor
Seat,Bachelor Seat Rent,"Gulbagh, Shahjahanpur",1,1,2900,February,Male,https://www.thetolet.com/bd/property-post/dhaka/shahjahanpur/75858/bachelor
Seat,Bachelor Seat Rent,"Gulbagh, Shahjahanpur",1,1,2600,February,Female,https://www.thetolet.com/bd/property-post/dhaka/shahjahanpur/75857/bachelor
Seat,Bachelor Seat Rent,"Malibag, Shahjahanpur",1,1,3000,February,Male,https://www.thetolet.com/bd/property-post/dhaka/shahjahanpur/75855/bachelor
Room,Bachelor Room Rent,"Malibag, Shahjahanpur",1,1,6500,March,Male,https://www.thetolet.com/bd/property-post/dhaka/shahjahanpur/75853/bachelor
Seat,Bachelor Seat Rent,"Gulbagh, Shahjahanpur",1,1,2900,January,Male,https://www.thetolet.com/bd/property-post/dhaka/shahjahanpur/75852/bachelor
Seat,Bachelor Seat Rent,"Siddheswari, Shahjahanpur",1,1,5300,January,Female,https://www.thetolet.com/bd/property-post/dhaka/shahjahanpur/75442/bachelor
Seat,Bachelor Seat Rent,"Malibag, Shahjahanpur",1,1,3150,January,Male,https://www.thetolet.com/bd/property-post/dhaka/shahjahanpur/75433/bachelor
Seat,Bachelor Seat Rent,"Mouchak, Shahjahanpur",1,1,3750,February,Male,https://www.thetolet.com/bd/property-post/dhaka/shahjahanpur/75432/bachelor
Room,Bachelor Room Rent,"Gulbagh, Shahjahanpur",1,1,7500,February,Male,https://www.thetolet.com/bd/property-post/dhaka/shahjahanpur/75431/bachelor
Room,Bachelor Room Rent,"Shahjahanpur, Dhaka",1,1,6300,February,Male,https://www.thetolet.com/bd/property-post/dhaka/shahjahanpur/75011/bachelor
Seat,Bachelor Seat Rent,"Malibag, Shahjahanpur",1,1,5000,January,Female,https://www.thetolet.com/bd/property-post/dhaka/shahjahanpur/74579/bachelor
Seat,Bachelor Seat Rent,"Malibag, Shahjahanpur",1,1,3000,January,Female,https://www.thetolet.com/bd/property-post/dhaka/shahjahanpur/74506/bachelor
Seat,Bachelor Seat Rent,"Shantibag, Shahjahanpur",1,1,3000,January,Male,https://www.thetolet.com/bd/property-post/dhaka/shahjahanpur/74469/bachelor
Seat,Bachelor Seat Rent,"Mouchak, Shahjahanpur",1,1,4200,January,Female,https://www.thetolet.com/bd/property-post/dhaka/shahjahanpur/74437/bachelor
Room,Bachelor Room Rent,"Malibag, Shahjahanpur",1,1,6500,January,Male,https://www.thetolet.com/bd/property-post/dhaka/shahjahanpur/74436/bachelor
Seat,Bachelor Seat Rent,"Malibag, Shahjahanpur",1,1,3500,January,Male,https://www.thetolet.com/bd/property-post/dhaka/shahjahanpur/74434/bachelor
Seat,Bachelor Seat Rent,"Shantibag, Shahjahanpur",1,1,2800,January,Male,https://www.thetolet.com/bd/property-post/dhaka/shahjahanpur/74253/bachelor
Seat,Bachelor Seat Rent,"Malibag, Shahjahanpur",1,1,2950,January,Male,https://www.thetolet.com/bd/property-post/dhaka/shahjahanpur/74129/bachelor
Seat,Bachelor Seat Rent,"Malibag, Shahjahanpur",1,1,2000,January,Male,https://www.thetolet.com/bd/property-post/dhaka/shahjahanpur/74128/bachelor
Seat,Bachelor Seat Rent,"Shantibag, Shahjahanpur",1,1,2500,January,Male,https://www.thetolet.com/bd/property-post/dhaka/shahjahanpur/74127/bachelor
Seat,Bachelor Seat Rent,"Malibag, Shahjahanpur",1,1,2600,January,Male,https://www.thetolet.com/bd/property-post/dhaka/shahjahanpur/74125/bachelor
Seat,Bachelor Seat Rent,"Malibag, Shahjahanpur",1,1,2500,January,Male,https://www.thetolet.com/bd/property-post/dhaka/shahjahanpur/74124/bachelor
Seat,Bachelor Seat Rent,"Malibag, Shahjahanpur",1,1,4700,January,Male,https://www.thetolet.com/bd/property-post/dhaka/shahjahanpur/73845/bachelor
Seat,Bachelor Seat Rent,"Malibag, Shahjahanpur",1,1,4800,January,Female,https://www.thetolet.com/bd/property-post/dhaka/shahjahanpur/73748/bachelor
Seat,Bachelor Seat Rent,"Malibag, Shahjahanpur",1,1,2600,January,Male,https://www.thetolet.com/bd/property-post/dhaka/shahjahanpur/73619/bachelor
Seat,Bachelor Seat Rent,"Malibag, Shahjahanpur",1,1,3700,January,Male,https://www.thetolet.com/bd/property-post/dhaka/shahjahanpur/73560/bachelor
Seat,Bachelor Seat Rent,"Malibag, Shahjahanpur",1,1,5500,January,Male,https://www.thetolet.com/bd/property-post/dhaka/shahjahanpur/73331/bachelor
Seat,Bachelor Seat Rent,"Malibag, Shahjahanpur",1,1,3650,January,Female,https://www.thetolet.com/bd/property-post/dhaka/shahjahanpur/73327/bachelor
Seat,Bachelor Seat Rent,"Malibag, Shahjahanpur",1,1,3300,January,Female,https://www.thetolet.com/bd/property-post/dhaka/shahjahanpur/73325/bachelor
Seat,Bachelor Seat Rent,"Malibag, Shahjahanpur",1,1,3000,January,Male,https://www.thetolet.com/bd/property-post/dhaka/shahjahanpur/73322/bachelor
Seat,Bachelor Seat Rent,"Malibag, Shahjahanpur",1,1,3300,December,Male,https://www.thetolet.com/bd/property-post/dhaka/shahjahanpur/73320/bachelor
Seat,Bachelor Seat Rent,"Malibag, Shahjahanpur",1,1,3150,December,Male,https://www.thetolet.com/bd/property-post/dhaka/shahjahanpur/73318/bachelor
Seat,Bachelor Seat Rent,"Malibag, Shahjahanpur",1,1,3800,January,Male,https://www.thetolet.com/bd/property-post/dhaka/shahjahanpur/73317/bachelor
Seat,Bachelor Seat Rent,"Malibag, Shahjahanpur",1,1,2400,December,Female,https://www.thetolet.com/bd/property-post/dhaka/shahjahanpur/73176/bachelor
Seat,Bachelor Seat Rent,"Shantibag, Shahjahanpur",1,1,3500,December,Male,https://www.thetolet.com/bd/property-post/dhaka/shahjahanpur/72758/bachelor
Room,Bachelor Room Rent,"Malibag, Shahjahanpur",1,1,8000,January,Male,https://www.thetolet.com/bd/property-post/dhaka/shahjahanpur/72756/bachelor
Seat,Bachelor Seat Rent,"Malibag, Shahjahanpur",1,1,3150,January,Male,https://www.thetolet.com/bd/property-post/dhaka/shahjahanpur/72755/bachelor
Seat,Bachelor Seat Rent,"Malibag, Shahjahanpur",1,1,2500,January,Male,https://www.thetolet.com/bd/property-post/dhaka/shahjahanpur/72645/bachelor
Seat,Bachelor Seat Rent,"Malibag, Shahjahanpur",1,1,2800,December,Male,https://www.thetolet.com/bd/property-post/dhaka/shahjahanpur/72398/bachelor
Seat,Bachelor Seat Rent,"Shahidbag, Shahjahanpur",1,1,4200,November,Female,https://www.thetolet.com/bd/property-post/dhaka/shahjahanpur/72138/bachelor
Seat,Bachelor Seat Rent,"Siddheswari, Shahjahanpur",1,1,3200,December,Male,https://www.thetolet.com/bd/property-post/dhaka/shahjahanpur/72137/bachelor
Seat,Bachelor Seat Rent,"Malibag, Shahjahanpur",1,1,2800,December,Male,https://www.thetolet.com/bd/property-post/dhaka/shahjahanpur/72135/bachelor
Seat,Bachelor Seat Rent,"Gulbagh, Shahjahanpur",1,1,2500,January,Male,https://www.thetolet.com/bd/property-post/dhaka/shahjahanpur/72132/bachelor
Seat,Bachelor Seat Rent,"Malibag, Shahjahanpur",1,1,3600,December,Male,https://www.thetolet.com/bd/property-post/dhaka/shahjahanpur/72131/bachelor
Seat,Bachelor Seat Rent,"Gulbagh, Shahjahanpur",1,1,3000,December,Female,https://www.thetolet.com/bd/property-post/dhaka/shahjahanpur/72130/bachelor
Seat,Bachelor Seat Rent,"Siddheswari, Shahjahanpur",1,1,5800,December,Female,https://www.thetolet.com/bd/property-post/dhaka/shahjahanpur/72018/bachelor
Seat,Bachelor Seat Rent,"Malibag, Shahjahanpur",1,1,3000,December,Male,https://www.thetolet.com/bd/property-post/dhaka/shahjahanpur/71509/bachelor
Seat,Bachelor Seat Rent,"Siddheswari, Shahjahanpur",1,1,2500,December,Male,https://www.thetolet.com/bd/property-post/dhaka/shahjahanpur/71508/bachelor
Seat,Bachelor Seat Rent,"Malibag, Shahjahanpur",1,1,2400,December,Male,https://www.thetolet.com/bd/property-post/dhaka/shahjahanpur/71505/bachelor
Room,Bachelor Room Rent,"Malibag, Shahjahanpur",1,1,7500,December,Male,https://www.thetolet.com/bd/property-post/dhaka/shahjahanpur/71502/bachelor
Room,Bachelor Room Rent,"Malibag, Shahjahanpur",1,1,7500,December,Female,https://www.thetolet.com/bd/property-post/dhaka/shahjahanpur/71501/bachelor
Seat,Bachelor Seat Rent,"Malibag, Shahjahanpur",1,1,4700,November,Female,https://www.thetolet.com/bd/property-post/dhaka/shahjahanpur/70890/bachelor
Seat,Bachelor Seat Rent,"Malibag, Shahjahanpur",1,1,4450,December,Male,https://www.thetolet.com/bd/property-post/dhaka/shahjahanpur/70888/bachelor
Seat,Bachelor Seat Rent,"Siddheswari, Shahjahanpur",1,1,4500,December,Female,https://www.thetolet.com/bd/property-post/dhaka/shahjahanpur/70258/bachelor
Room,Bachelor Room Rent,"Gulbagh, Shahjahanpur",1,1,7500,December,Male,https://www.thetolet.com/bd/property-post/dhaka/shahjahanpur/70257/bachelor
Room,Bachelor Room Rent,"Shahjahanpur, Dhaka",1,1,7000,December,Female,https://www.thetolet.com/bd/property-post/dhaka/shahjahanpur/70256/bachelor
Seat,Bachelor Seat Rent,"Shantibag, Shahjahanpur",1,1,4450,December,Male,https://www.thetolet.com/bd/property-post/dhaka/shahjahanpur/70255/bachelor
Seat,Bachelor Seat Rent,"Shantibag, Shahjahanpur",1,1,2500,November,Male,https://www.thetolet.com/bd/property-post/dhaka/shahjahanpur/70047/bachelor
Seat,Bachelor Seat Rent,"Malibag, Shahjahanpur",1,1,3000,November,Male,https://www.thetolet.com/bd/property-post/dhaka/shahjahanpur/70037/bachelor
Seat,Bachelor Seat Rent,"Malibag, Shahjahanpur",1,1,3300,November,Male,https://www.thetolet.com/bd/property-post/dhaka/shahjahanpur/69654/bachelor
Seat,Bachelor Seat Rent,"Mouchak, Shahjahanpur",1,1,3000,November,Male,https://www.thetolet.com/bd/property-post/dhaka/shahjahanpur/69652/bachelor
Room,Bachelor Room Rent,"Malibag, Shahjahanpur",1,1,2500,November,Male,https://www.thetolet.com/bd/property-post/dhaka/shahjahanpur/69649/bachelor
Seat,Bachelor Seat Rent,"Malibag, Shahjahanpur",1,1,8500,November,Male,https://www.thetolet.com/bd/property-post/dhaka/shahjahanpur/69189/bachelor
Flat,Bachelor House Rent,"Malibag, Shahjahanpur",1,1,6500,November,Male,https://www.thetolet.com/bd/property-post/dhaka/shahjahanpur/69040/bachelor
Flat,Bachelor House Rent,"Mouchak, Shahjahanpur",1,1,4000,November,Male,https://www.thetolet.com/bd/property-post/dhaka/shahjahanpur/69037/bachelor
Seat,Bachelor Seat Rent,"Malibag, Shahjahanpur",1,1,3000,November,Male,https://www.thetolet.com/bd/property-post/dhaka/shahjahanpur/68625/bachelor
Room,Bachelor Room Rent,"Gulbagh, Shahjahanpur",1,1,8400,November,Male,https://www.thetolet.com/bd/property-post/dhaka/shahjahanpur/68624/bachelor
Seat,Bachelor Seat Rent,"Shantibag, Shahjahanpur",1,1,2500,November,Male,https://www.thetolet.com/bd/property-post/dhaka/shahjahanpur/68622/bachelor
Room,Bachelor Room Rent,"Shantibag, Shahjahanpur",1,1,10000,November,Male,https://www.thetolet.com/bd/property-post/dhaka/shahjahanpur/68621/bachelor
Seat,Bachelor Seat Rent,"Shahjahanpur, Dhaka",1,1,2600,November,Male,https://www.thetolet.com/bd/property-post/dhaka/shahjahanpur/68620/bachelor
Seat,Bachelor Seat Rent,"Malibag, Shahjahanpur",1,1,3500,November,Male,https://www.thetolet.com/bd/property-post/dhaka/shahjahanpur/68618/bachelor
Room,Bachelor Room Rent,"Malibag, Shahjahanpur",1,1,7500,November,Male,https://www.thetolet.com/bd/property-post/dhaka/shahjahanpur/68616/bachelor
Seat,Bachelor Seat Rent,"Malibag, Shahjahanpur",1,1,3150,October,Male,https://www.thetolet.com/bd/property-post/dhaka/shahjahanpur/68615/bachelor
Room,Bachelor Room Rent,"Malibag, Shahjahanpur",1,1,7500,November,Male,https://www.thetolet.com/bd/property-post/dhaka/shahjahanpur/68494/bachelor
Seat,Bachelor Seat Rent,"Siddheswari, Shahjahanpur",1,1,5200,November,Female,https://www.thetolet.com/bd/property-post/dhaka/shahjahanpur/68288/bachelor
Seat,Bachelor Seat Rent,"Malibag, Shahjahanpur",1,1,2500,October,Male,https://www.thetolet.com/bd/property-post/dhaka/shahjahanpur/67985/bachelor
Room,Bachelor Room Rent,"Malibag, Shahjahanpur",1,1,8000,November,Male,https://www.thetolet.com/bd/property-post/dhaka/shahjahanpur/67984/bachelor
Seat,Bachelor Seat Rent,"Malibag, Shahjahanpur",1,1,2500,October,Male,https://www.thetolet.com/bd/property-post/dhaka/shahjahanpur/67983/bachelor
Seat,Bachelor Seat Rent,"Mouchak, Shahjahanpur",1,1,3500,November,Female,https://www.thetolet.com/bd/property-post/dhaka/shahjahanpur/67982/bachelor
Room,Bachelor Room Rent,"Mouchak, Shahjahanpur",1,1,3600,October,Male,https://www.thetolet.com/bd/property-post/dhaka/shahjahanpur/67861/bachelor
Seat,Bachelor Seat Rent,"Mouchak, Shahjahanpur",1,1,7500,October,Female,https://www.thetolet.com/bd/property-post/dhaka/shahjahanpur/67860/bachelor
Room,Bachelor Room Rent,"Malibag, Shahjahanpur",1,1,9000,October,Female,https://www.thetolet.com/bd/property-post/dhaka/shahjahanpur/67854/bachelor
Room,Bachelor Room Rent,"Malibag, Shahjahanpur",1,1,6200,November,Male,https://www.thetolet.com/bd/property-post/dhaka/shahjahanpur/67853/bachelor
Seat,Bachelor Seat Rent,"Malibag, Shahjahanpur",1,1,2100,November,Male,https://www.thetolet.com/bd/property-post/dhaka/shahjahanpur/67852/bachelor
Seat,Bachelor Seat Rent,"Malibag, Shahjahanpur",1,1,3000,November,Female,https://www.thetolet.com/bd/property-post/dhaka/shahjahanpur/67325/bachelor
Seat,Bachelor Seat Rent,"Malibag, Shahjahanpur",1,1,2500,October,Male,https://www.thetolet.com/bd/property-post/dhaka/shahjahanpur/67324/bachelor
Room,Bachelor Room Rent,"Malibag, Shahjahanpur",1,1,6500,November,Female,https://www.thetolet.com/bd/property-post/dhaka/shahjahanpur/66985/bachelor
Room,Bachelor Room Rent,"Malibag, Shahjahanpur",1,1,8000,October,Male,https://www.thetolet.com/bd/property-post/dhaka/shahjahanpur/66125/bachelor
Seat,Bachelor Seat Rent,"Malibag, Shahjahanpur",1,1,2500,November,Male,https://www.thetolet.com/bd/property-post/dhaka/shahjahanpur/66123/bachelor
Seat,Bachelor Seat Rent,"Mouchak, Shahjahanpur",1,1,2700,October,Male,https://www.thetolet.com/bd/property-post/dhaka/shahjahanpur/65676/bachelor
Seat,Bachelor Seat Rent,"Malibag, Shahjahanpur",1,1,3000,September,Female,https://www.thetolet.com/bd/property-post/dhaka/shahjahanpur/65338/bachelor
Seat,Bachelor Seat Rent,"Siddheswari, Shahjahanpur",1,1,2500,September,Female,https://www.thetolet.com/bd/property-post/dhaka/shahjahanpur/65047/bachelor
Seat,Bachelor Seat Rent,"Mouchak, Shahjahanpur",1,1,3500,September,Female,https://www.thetolet.com/bd/property-post/dhaka/shahjahanpur/65045/bachelor
Seat,Bachelor Seat Rent,"Malibag, Shahjahanpur",1,1,3200,September,Male,https://www.thetolet.com/bd/property-post/dhaka/shahjahanpur/65044/bachelor
Seat,Bachelor Seat Rent,"Malibag, Shahjahanpur",1,1,10000,September,Female,https://www.thetolet.com/bd/property-post/dhaka/shahjahanpur/65043/bachelor
Seat,Bachelor Seat Rent,"Gulbagh, Shahjahanpur",1,1,2250,October,Male,https://www.thetolet.com/bd/property-post/dhaka/shahjahanpur/65042/bachelor
Seat,Bachelor Seat Rent,"Malibag, Shahjahanpur",1,1,2800,October,Male,https://www.thetolet.com/bd/property-post/dhaka/shahjahanpur/65041/bachelor
Room,Bachelor Room Rent,"Gulbagh, Shahjahanpur",1,1,7500,October,Male,https://www.thetolet.com/bd/property-post/dhaka/shahjahanpur/65040/bachelor
Seat,Bachelor Seat Rent,"Shantibag, Shahjahanpur",1,1,2300,September,Female,https://www.thetolet.com/bd/property-post/dhaka/shahjahanpur/64935/bachelor
Seat,Bachelor Seat Rent,"Shantibag, Shahjahanpur",1,1,3000,October,Male,https://www.thetolet.com/bd/property-post/dhaka/shahjahanpur/64930/bachelor
Room,Bachelor Room Rent,"Malibag, Shahjahanpur",1,1,8000,October,Male,https://www.thetolet.com/bd/property-post/dhaka/shahjahanpur/64566/bachelor
Seat,Bachelor Seat Rent,"Malibag, Shahjahanpur",1,1,3000,September,Male,https://www.thetolet.com/bd/property-post/dhaka/shahjahanpur/64415/bachelor
Seat,Bachelor Seat Rent,"Gulbagh, Shahjahanpur",1,1,2900,September,Female,https://www.thetolet.com/bd/property-post/dhaka/shahjahanpur/64411/bachelor
Seat,Bachelor Seat Rent,"Malibag, Shahjahanpur",1,1,2948,September,Male,https://www.thetolet.com/bd/property-post/dhaka/shahjahanpur/64104/bachelor
Room,Bachelor Room Rent,"Shantibag, Shahjahanpur",1,1,5000,September,Male,https://www.thetolet.com/bd/property-post/dhaka/shahjahanpur/63766/bachelor
Room,Bachelor Room Rent,"Shantibag, Shahjahanpur",1,1,8000,September,Male,https://www.thetolet.com/bd/property-post/dhaka/shahjahanpur/63763/bachelor
Room,Bachelor Room Rent,"Mouchak, Shahjahanpur",1,1,7500,September,Female,https://www.thetolet.com/bd/property-post/dhaka/shahjahanpur/63761/bachelor
Seat,Bachelor Seat Rent,"Malibag, Shahjahanpur",1,1,2000,August,Male,https://www.thetolet.com/bd/property-post/dhaka/shahjahanpur/63760/bachelor
Seat,Bachelor Seat Rent,"Malibag, Shahjahanpur",1,1,2200,September,Male,https://www.thetolet.com/bd/property-post/dhaka/shahjahanpur/63759/bachelor
Room,Bachelor Room Rent,"Malibag, Shahjahanpur",1,1,7700,September,Male,https://www.thetolet.com/bd/property-post/dhaka/shahjahanpur/63758/bachelor
Room,Bachelor Room Rent,"Shantibag, Shahjahanpur",1,1,10000,September,Male,https://www.thetolet.com/bd/property-post/dhaka/shahjahanpur/63111/bachelor
Seat,Bachelor Seat Rent,"Shantibag, Shahjahanpur",1,1,2100,August,Male,https://www.thetolet.com/bd/property-post/dhaka/shahjahanpur/63110/bachelor
Seat,Bachelor Seat Rent,"Gulbagh, Shahjahanpur",1,1,3000,September,Female,https://www.thetolet.com/bd/property-post/dhaka/shahjahanpur/63109/bachelor
Seat,Bachelor Seat Rent,"Shahjahanpur, Dhaka",1,1,2250,September,Male,https://www.thetolet.com/bd/property-post/dhaka/shahjahanpur/63107/bachelor
Seat,Bachelor Seat Rent,"Malibag, Shahjahanpur",1,1,3000,September,Male,https://www.thetolet.com/bd/property-post/dhaka/shahjahanpur/63106/bachelor
Seat,Bachelor Seat Rent,"Siddheswari, Shahjahanpur",1,1,5000,August,Female,https://www.thetolet.com/bd/property-post/dhaka/shahjahanpur/62375/bachelor
Seat,Bachelor Seat Rent,"Malibag, Shahjahanpur",1,1,2600,August,Male,https://www.thetolet.com/bd/property-post/dhaka/shahjahanpur/62222/bachelor
Seat,Bachelor Seat Rent,"Shahjahanpur, Dhaka",1,1,2950,August,Male,https://www.thetolet.com/bd/property-post/dhaka/shahjahanpur/62213/bachelor
Seat,Bachelor Seat Rent,"Mouchak, Shahjahanpur",1,1,2650,July,Male,https://www.thetolet.com/bd/property-post/dhaka/shahjahanpur/62209/bachelor
Seat,Bachelor Seat Rent,"Malibag, Shahjahanpur",1,1,3700,August,Female,https://www.thetolet.com/bd/property-post/dhaka/shahjahanpur/62208/bachelor
Seat,Bachelor Seat Rent,"Gulbagh, Shahjahanpur",1,1,2900,August,Female,https://www.thetolet.com/bd/property-post/dhaka/shahjahanpur/62189/bachelor
Seat,Bachelor Seat Rent,"Mouchak, Shahjahanpur",1,1,3500,August,Female,https://www.thetolet.com/bd/property-post/dhaka/shahjahanpur/61913/bachelor
Seat,Bachelor Seat Rent,"Gulbagh, Shahjahanpur",1,1,2200,July,Male,https://www.thetolet.com/bd/property-post/dhaka/shahjahanpur/61911/bachelor
Seat,Bachelor Seat Rent,"Malibag, Shahjahanpur",1,1,2800,August,Male,https://www.thetolet.com/bd/property-post/dhaka/shahjahanpur/61909/bachelor
Seat,Bachelor Seat Rent,"Malibag, Shahjahanpur",1,1,2600,August,Male,https://www.thetolet.com/bd/property-post/dhaka/shahjahanpur/61907/bachelor
Seat,Bachelor Seat Rent,"Shantibag, Shahjahanpur",1,1,1900,August,Male,https://www.thetolet.com/bd/property-post/dhaka/shahjahanpur/61906/bachelor
Seat,Bachelor Seat Rent,"Mouchak, Shahjahanpur",1,1,2000,September,Male,https://www.thetolet.com/bd/property-post/dhaka/shahjahanpur/61904/bachelor
Seat,Bachelor Seat Rent,"Mouchak, Shahjahanpur",1,1,4000,July,Female,https://www.thetolet.com/bd/property-post/dhaka/shahjahanpur/61762/bachelor
Room,Bachelor Room Rent,"Malibag, Shahjahanpur",1,1,6500,August,Female,https://www.thetolet.com/bd/property-post/dhaka/shahjahanpur/61188/bachelor
Room,Bachelor Room Rent,"Shantibag, Shahjahanpur",1,1,5500,July,Male,https://www.thetolet.com/bd/property-post/dhaka/shahjahanpur/60703/bachelor
Seat,Bachelor Seat Rent,"Gulbagh, Shahjahanpur",1,1,2110,August,Male,https://www.thetolet.com/bd/property-post/dhaka/shahjahanpur/60702/bachelor
Seat,Bachelor Seat Rent,"Gulbagh, Shahjahanpur",1,1,2800,July,Male,https://www.thetolet.com/bd/property-post/dhaka/shahjahanpur/60701/bachelor
Seat,Bachelor Seat Rent,"Malibag, Shahjahanpur",1,1,4800,July,Female,https://www.thetolet.com/bd/property-post/dhaka/shahjahanpur/60700/bachelor
Seat,Bachelor Seat Rent,"Gulbagh, Shahjahanpur",1,1,2800,July,Male,https://www.thetolet.com/bd/property-post/dhaka/shahjahanpur/60699/bachelor
Seat,Bachelor Seat Rent,"Malibag, Shahjahanpur",1,1,2948,July,Male,https://www.thetolet.com/bd/property-post/dhaka/shahjahanpur/60420/bachelor
Room,Bachelor Room Rent,"Malibag, Shahjahanpur",1,1,7000,July,Male,https://www.thetolet.com/bd/property-post/dhaka/shahjahanpur/60033/bachelor
Seat,Bachelor Seat Rent,"Shantibag, Shahjahanpur",1,1,2600,July,Male,https://www.thetolet.com/bd/property-post/dhaka/shahjahanpur/60032/bachelor
Seat,Bachelor Seat Rent,"Malibag, Shahjahanpur",1,1,3700,July,Female,https://www.thetolet.com/bd/property-post/dhaka/shahjahanpur/60030/bachelor
Room,Bachelor Room Rent,"Malibag, Shahjahanpur",1,1,9500,August,Male,https://www.thetolet.com/bd/property-post/dhaka/shahjahanpur/59883/bachelor
Seat,Bachelor Seat Rent,"Malibag, Shahjahanpur",1,1,4000,June,Male,https://www.thetolet.com/bd/property-post/dhaka/shahjahanpur/59878/bachelor
Room,Bachelor Room Rent,"Malibag, Shahjahanpur",1,1,5500,August,Female,https://www.thetolet.com/bd/property-post/dhaka/shahjahanpur/59813/bachelor
Seat,Bachelor Seat Rent,"Malibag, Shahjahanpur",1,1,2567,July,Male,https://www.thetolet.com/bd/property-post/dhaka/shahjahanpur/59370/bachelor
Seat,Bachelor Seat Rent,"Malibag, Shahjahanpur",1,1,4500,July,Female,https://www.thetolet.com/bd/property-post/dhaka/shahjahanpur/59368/bachelor
Seat,Bachelor Seat Rent,"Malibag, Shahjahanpur",1,1,2335,August,Male,https://www.thetolet.com/bd/property-post/dhaka/shahjahanpur/59365/bachelor
Room,Bachelor Room Rent,"Shantibag, Shahjahanpur",1,1,7500,August,Male,https://www.thetolet.com/bd/property-post/dhaka/shahjahanpur/59361/bachelor
Seat,Bachelor Seat Rent,"Malibag, Shahjahanpur",1,1,3200,July,Male,https://www.thetolet.com/bd/property-post/dhaka/shahjahanpur/59254/bachelor
Seat,Bachelor Seat Rent,"Shantibag, Shahjahanpur",1,1,3350,June,Male,https://www.thetolet.com/bd/property-post/dhaka/shahjahanpur/58745/bachelor
Room,Bachelor Room Rent,"Malibag, Shahjahanpur",1,1,5000,July,Male,https://www.thetolet.com/bd/property-post/dhaka/shahjahanpur/58743/bachelor
Room,Bachelor Room Rent,"Shahjahanpur, Dhaka",1,1,5000,July,Male,https://www.thetolet.com/bd/property-post/dhaka/shahjahanpur/58739/bachelor
Room,Bachelor Room Rent,"Gulbagh, Shahjahanpur",1,1,9000,July,Male,https://www.thetolet.com/bd/property-post/dhaka/shahjahanpur/58737/bachelor
Seat,Bachelor Seat Rent,"Malibag, Shahjahanpur",1,1,2200,July,Male,https://www.thetolet.com/bd/property-post/dhaka/shahjahanpur/58504/bachelor
Seat,Bachelor Seat Rent,"Malibag, Shahjahanpur",1,1,5000,June,Female,https://www.thetolet.com/bd/property-post/dhaka/shahjahanpur/58388/bachelor
Seat,Bachelor Seat Rent,"Malibag, Shahjahanpur",1,1,2800,June,Male,https://www.thetolet.com/bd/property-post/dhaka/shahjahanpur/58387/bachelor
Seat,Bachelor Seat Rent,"Shantibag, Shahjahanpur",1,1,2400,June,Male,https://www.thetolet.com/bd/property-post/dhaka/shahjahanpur/58375/bachelor
Seat,Bachelor Seat Rent,"Malibag, Shahjahanpur",1,1,4000,June,Female,https://www.thetolet.com/bd/property-post/dhaka/shahjahanpur/58144/bachelor
Room,Bachelor Room Rent,"Malibag, Shahjahanpur",1,1,7500,July,Male,https://www.thetolet.com/bd/property-post/dhaka/shahjahanpur/58143/bachelor
Seat,Bachelor Seat Rent,"Malibag, Shahjahanpur",1,1,4000,June,Female,https://www.thetolet.com/bd/property-post/dhaka/shahjahanpur/58122/bachelor
Seat,Bachelor Seat Rent,"Malibag, Shahjahanpur",1,1,4000,May,Female,https://www.thetolet.com/bd/property-post/dhaka/shahjahanpur/58037/bachelor
Seat,Bachelor Seat Rent,"Malibag, Shahjahanpur",1,1,1900,May,Male,https://www.thetolet.com/bd/property-post/dhaka/shahjahanpur/57883/bachelor
Seat,Bachelor Seat Rent,"Malibag, Shahjahanpur",1,1,3500,June,Male,https://www.thetolet.com/bd/property-post/dhaka/shahjahanpur/57504/bachelor
Seat,Bachelor Seat Rent,"Malibag, Shahjahanpur",1,1,2500,May,Male,https://www.thetolet.com/bd/property-post/dhaka/shahjahanpur/57503/bachelor
Seat,Bachelor Seat Rent,"Malibag, Shahjahanpur",1,1,1800,June,Male,https://www.thetolet.com/bd/property-post/dhaka/shahjahanpur/57501/bachelor
Seat,Bachelor Seat Rent,"Shantibag, Shahjahanpur",1,1,2500,June,Male,https://www.thetolet.com/bd/property-post/dhaka/shahjahanpur/57500/bachelor
Seat,Bachelor Seat Rent,"Malibag, Shahjahanpur",1,1,4500,June,Male,https://www.thetolet.com/bd/property-post/dhaka/shahjahanpur/57002/bachelor
Seat,Bachelor Seat Rent,"Shantibag, Shahjahanpur",1,1,3800,June,Female,https://www.thetolet.com/bd/property-post/dhaka/shahjahanpur/57001/bachelor
Seat,Bachelor Seat Rent,"Malibag, Shahjahanpur",1,1,5000,June,Female,https://www.thetolet.com/bd/property-post/dhaka/shahjahanpur/57000/bachelor
Seat,Bachelor Seat Rent,"Shahidbag, Shahjahanpur",1,1,2500,May,Male,https://www.thetolet.com/bd/property-post/dhaka/shahjahanpur/56999/bachelor
Room,Bachelor Room Rent,"Malibag, Shahjahanpur",1,1,5500,June,Female,https://www.thetolet.com/bd/property-post/dhaka/shahjahanpur/56897/bachelor
Room,Bachelor Room Rent,"Malibag, Shahjahanpur",1,1,5500,June,Female,https://www.thetolet.com/bd/property-post/dhaka/shahjahanpur/56637/bachelor
Seat,Bachelor Seat Rent,"Malibag, Shahjahanpur",1,1,3000,May,Female,https://www.thetolet.com/bd/property-post/dhaka/shahjahanpur/56418/bachelor
Seat,Bachelor Seat Rent,"Malibag, Shahjahanpur",1,1,2700,June,Male,https://www.thetolet.com/bd/property-post/dhaka/shahjahanpur/56410/bachelor
Room,Bachelor Room Rent,"Malibag, Shahjahanpur",1,1,8000,June,Male,https://www.thetolet.com/bd/property-post/dhaka/shahjahanpur/56408/bachelor
Seat,Bachelor Seat Rent,"Malibag, Shahjahanpur",1,1,3500,June,Female,https://www.thetolet.com/bd/property-post/dhaka/shahjahanpur/56407/bachelor
Seat,Bachelor Seat Rent,"Malibag, Shahjahanpur",1,1,3800,June,Male,https://www.thetolet.com/bd/property-post/dhaka/shahjahanpur/56406/bachelor
Seat,Bachelor Seat Rent,"Malibag, Shahjahanpur",1,1,3000,June,Male,https://www.thetolet.com/bd/property-post/dhaka/shahjahanpur/56404/bachelor
Seat,Bachelor Seat Rent,"Malibag, Shahjahanpur",1,1,3500,May,Female,https://www.thetolet.com/bd/property-post/dhaka/shahjahanpur/56403/bachelor
Seat,Bachelor Seat Rent,"Malibag, Shahjahanpur",1,1,3500,June,Male,https://www.thetolet.com/bd/property-post/dhaka/shahjahanpur/56306/bachelor
Seat,Bachelor Seat Rent,"Shantibag, Shahjahanpur",1,1,2666,May,Male,https://www.thetolet.com/bd/property-post/dhaka/shahjahanpur/55795/bachelor
Seat,Bachelor Seat Rent,"Malibag, Shahjahanpur",1,1,3200,May,Male,https://www.thetolet.com/bd/property-post/dhaka/shahjahanpur/55794/bachelor
Room,Bachelor Room Rent,"Shantibag, Shahjahanpur",1,1,8000,June,Male,https://www.thetolet.com/bd/property-post/dhaka/shahjahanpur/55793/bachelor
Room,Bachelor Room Rent,"Malibag, Shahjahanpur",1,1,6000,May,Male,https://www.thetolet.com/bd/property-post/dhaka/shahjahanpur/55149/bachelor
Seat,Bachelor Seat Rent,"Malibag, Shahjahanpur",1,1,2667,May,Male,https://www.thetolet.com/bd/property-post/dhaka/shahjahanpur/55148/bachelor
Room,Bachelor Room Rent,"Malibag, Shahjahanpur",1,1,2500,May,Male,https://www.thetolet.com/bd/property-post/dhaka/shahjahanpur/55146/bachelor
Seat,Bachelor Seat Rent,"Shantibag, Shahjahanpur",1,1,2800,May,Male,https://www.thetolet.com/bd/property-post/dhaka/shahjahanpur/55144/bachelor
Room,Bachelor Room Rent,"Malibag, Shahjahanpur",1,1,8100,May,Male,https://www.thetolet.com/bd/property-post/dhaka/shahjahanpur/55143/bachelor
Seat,Bachelor Seat Rent,"Malibag, Shahjahanpur",1,1,3000,May,Male,https://www.thetolet.com/bd/property-post/dhaka/shahjahanpur/55044/bachelor
Seat,Bachelor Seat Rent,"Shantibag, Shahjahanpur",1,1,3000,May,Female,https://www.thetolet.com/bd/property-post/dhaka/shahjahanpur/54948/bachelor
Seat,Bachelor Seat Rent,"Malibag, Shahjahanpur",1,1,4000,April,Female,https://www.thetolet.com/bd/property-post/dhaka/shahjahanpur/54932/bachelor
Room,Bachelor Room Rent,"Malibag, Shahjahanpur",1,1,4000,April,Female,https://www.thetolet.com/bd/property-post/dhaka/shahjahanpur/54930/bachelor
Seat,Bachelor Seat Rent,"Malibag, Shahjahanpur",1,1,3300,April,Female,https://www.thetolet.com/bd/property-post/dhaka/shahjahanpur/54543/bachelor
Seat,Bachelor Seat Rent,"Malibag, Shahjahanpur",1,1,2800,May,Male,https://www.thetolet.com/bd/property-post/dhaka/shahjahanpur/54338/bachelor
Seat,Bachelor Seat Rent,"Shantibag, Shahjahanpur",1,1,2500,April,Male,https://www.thetolet.com/bd/property-post/dhaka/shahjahanpur/53918/bachelor
Seat,Bachelor Seat Rent,"Malibag, Shahjahanpur",1,1,3000,April,Male,https://www.thetolet.com/bd/property-post/dhaka/shahjahanpur/53913/bachelor
Room,Bachelor Room Rent,"Shantibag, Shahjahanpur",1,1,10000,June,Male,https://www.thetolet.com/bd/property-post/dhaka/shahjahanpur/53911/bachelor
Seat,Bachelor Seat Rent,"Malibag, Shahjahanpur",1,1,2900,May,Female,https://www.thetolet.com/bd/property-post/dhaka/shahjahanpur/53909/bachelor
Seat,Bachelor Seat Rent,"Malibag, Shahjahanpur",1,1,3200,April,Male,https://www.thetolet.com/bd/property-post/dhaka/shahjahanpur/52846/bachelor
Seat,Bachelor Seat Rent,"Malibag, Shahjahanpur",1,1,2000,April,Male,https://www.thetolet.com/bd/property-post/dhaka/shahjahanpur/52845/bachelor
Seat,Bachelor Seat Rent,"Malibag, Shahjahanpur",1,1,4000,April,Male,https://www.thetolet.com/bd/property-post/dhaka/shahjahanpur/52844/bachelor
Seat,Bachelor Seat Rent,"Malibag, Shahjahanpur",1,1,4500,March,Female,https://www.thetolet.com/bd/property-post/dhaka/shahjahanpur/52843/bachelor
Seat,Bachelor Seat Rent,"Malibag, Shahjahanpur",1,1,2335,April,Male,https://www.thetolet.com/bd/property-post/dhaka/shahjahanpur/52842/bachelor
Seat,Bachelor Seat Rent,"Shantibag, Shahjahanpur",1,1,3500,April,Male,https://www.thetolet.com/bd/property-post/dhaka/shahjahanpur/52838/bachelor
Seat,Bachelor Seat Rent,"Malibag, Shahjahanpur",1,1,2250,April,Male,https://www.thetolet.com/bd/property-post/dhaka/shahjahanpur/52651/bachelor
Seat,Bachelor Seat Rent,"Malibag, Shahjahanpur",1,1,2000,March,Male,https://www.thetolet.com/bd/property-post/dhaka/shahjahanpur/52248/bachelor
Seat,Bachelor Seat Rent,"Malibag, Shahjahanpur",1,1,3300,April,Female,https://www.thetolet.com/bd/property-post/dhaka/shahjahanpur/52246/bachelor
Seat,Bachelor Seat Rent,"Malibag, Shahjahanpur",1,1,2500,April,Male,https://www.thetolet.com/bd/property-post/dhaka/shahjahanpur/52243/bachelor
Seat,Bachelor Seat Rent,"Malibag, Shahjahanpur",1,1,3300,April,Male,https://www.thetolet.com/bd/property-post/dhaka/shahjahanpur/52242/bachelor
Seat,Bachelor Seat Rent,"Malibag, Shahjahanpur",1,1,4500,April,Female,https://www.thetolet.com/bd/property-post/dhaka/shahjahanpur/52032/bachelor
Seat,Bachelor Seat Rent,"Malibag, Shahjahanpur",1,1,2800,April,Male,https://www.thetolet.com/bd/property-post/dhaka/shahjahanpur/51698/bachelor
Seat,Bachelor Seat Rent,"Malibag, Shahjahanpur",1,1,2000,March,Male,https://www.thetolet.com/bd/property-post/dhaka/shahjahanpur/51602/bachelor
Seat,Bachelor Seat Rent,"Malibag, Shahjahanpur",1,1,4200,March,Female,https://www.thetolet.com/bd/property-post/dhaka/shahjahanpur/51601/bachelor
Seat,Bachelor Seat Rent,"Malibag, Shahjahanpur",1,1,2500,March,Male,https://www.thetolet.com/bd/property-post/dhaka/shahjahanpur/51600/bachelor
Seat,Bachelor Seat Rent,"Malibag, Shahjahanpur",1,1,2666,March,Male,https://www.thetolet.com/bd/property-post/dhaka/shahjahanpur/51599/bachelor
Seat,Bachelor Seat Rent,"Malibag, Shahjahanpur",1,1,3100,April,Male,https://www.thetolet.com/bd/property-post/dhaka/shahjahanpur/51598/bachelor
Room,Bachelor Room Rent,"Malibag, Shahjahanpur",1,1,5500,April,Male,https://www.thetolet.com/bd/property-post/dhaka/shahjahanpur/51345/bachelor
Seat,Bachelor Seat Rent,"Malibag, Shahjahanpur",1,1,3570,March,Female,https://www.thetolet.com/bd/property-post/dhaka/shahjahanpur/51005/bachelor
Seat,Bachelor Seat Rent,"Malibag, Shahjahanpur",1,1,2500,March,Male,https://www.thetolet.com/bd/property-post/dhaka/shahjahanpur/50998/bachelor
Seat,Bachelor Seat Rent,"Malibag, Shahjahanpur",1,1,3400,April,Female,https://www.thetolet.com/bd/property-post/dhaka/shahjahanpur/50911/bachelor
Seat,Bachelor Seat Rent,"Malibag, Shahjahanpur",1,1,2000,March,Male,https://www.thetolet.com/bd/property-post/dhaka/shahjahanpur/50618/bachelor
Seat,Bachelor Seat Rent,"Malibag, Shahjahanpur",1,1,1800,March,Male,https://www.thetolet.com/bd/property-post/dhaka/shahjahanpur/50617/bachelor
Seat,Bachelor Seat Rent,"Shahjahanpur, Dhaka",1,1,2000,March,Male,https://www.thetolet.com/bd/property-post/dhaka/shahjahanpur/50616/bachelor
Room,Bachelor Room Rent,"Malibag, Shahjahanpur",1,1,7000,March,Male,https://www.thetolet.com/bd/property-post/dhaka/shahjahanpur/50613/bachelor
Seat,Bachelor Seat Rent,"Malibag, Shahjahanpur",1,1,3000,March,Male,https://www.thetolet.com/bd/property-post/dhaka/shahjahanpur/50611/bachelor
Seat,Bachelor Seat Rent,"Malibag, Shahjahanpur",1,1,4000,March,Female,https://www.thetolet.com/bd/property-post/dhaka/shahjahanpur/50608/bachelor
Seat,Bachelor Seat Rent,"Malibag, Shahjahanpur",1,1,3000,February,Male,https://www.thetolet.com/bd/property-post/dhaka/shahjahanpur/50502/bachelor
Seat,Bachelor Seat Rent,"Malibag, Shahjahanpur",1,1,4200,April,Female,https://www.thetolet.com/bd/property-post/dhaka/shahjahanpur/50397/bachelor
Room,Bachelor Room Rent,"Malibag, Shahjahanpur",1,1,5500,April,Female,https://www.thetolet.com/bd/property-post/dhaka/shahjahanpur/50383/bachelor
Seat,Bachelor Seat Rent,"Malibag, Shahjahanpur",1,1,2100,February,Male,https://www.thetolet.com/bd/property-post/dhaka/shahjahanpur/50000/bachelor
Room,Bachelor Room Rent,"Malibag, Shahjahanpur",1,1,6800,March,Male,https://www.thetolet.com/bd/property-post/dhaka/shahjahanpur/49999/bachelor
Room,Bachelor Room Rent,"Malibag, Shahjahanpur",1,1,8000,March,Male,https://www.thetolet.com/bd/property-post/dhaka/shahjahanpur/49995/bachelor
Seat,Bachelor Seat Rent,"Malibag, Shahjahanpur",1,1,3600,March,Male,https://www.thetolet.com/bd/property-post/dhaka/shahjahanpur/49994/bachelor
Seat,Bachelor Seat Rent,"Malibag, Shahjahanpur",1,1,2200,February,Male,https://www.thetolet.com/bd/property-post/dhaka/shahjahanpur/49384/bachelor
Seat,Bachelor Seat Rent,"Malibag, Shahjahanpur",1,1,4500,February,Female,https://www.thetolet.com/bd/property-post/dhaka/shahjahanpur/49381/bachelor
Room,Bachelor Room Rent,"Malibag, Shahjahanpur",1,1,6000,March,Male,https://www.thetolet.com/bd/property-post/dhaka/shahjahanpur/49380/bachelor
Seat,Bachelor Seat Rent,"Malibag, Shahjahanpur",1,1,2500,March,Male,https://www.thetolet.com/bd/property-post/dhaka/shahjahanpur/49376/bachelor
Room,Bachelor Room Rent,"Shahjahanpur, Dhaka",1,1,9500,March,Male,https://www.thetolet.com/bd/property-post/dhaka/shahjahanpur/49371/bachelor
Seat,Bachelor Seat Rent,"Malibag, Shahjahanpur",1,1,2150,March,Male,https://www.thetolet.com/bd/property-post/dhaka/shahjahanpur/49369/bachelor
Seat,Bachelor Seat Rent,"Shahjahanpur, Dhaka",1,1,2500,February,Male,https://www.thetolet.com/bd/property-post/dhaka/shahjahanpur/48750/bachelor
Seat,Bachelor Seat Rent,"Malibag, Shahjahanpur",1,1,2350,February,Male,https://www.thetolet.com/bd/property-post/dhaka/shahjahanpur/48749/bachelor
Room,Bachelor Room Rent,"Malibag, Shahjahanpur",1,1,7000,February,Male,https://www.thetolet.com/bd/property-post/dhaka/shahjahanpur/48124/bachelor
Room,Bachelor Room Rent,"Malibag, Shahjahanpur",1,1,8000,February,Male,https://www.thetolet.com/bd/property-post/dhaka/shahjahanpur/48123/bachelor
Seat,Bachelor Seat Rent,"Malibag, Shahjahanpur",1,1,4250,February,Female,https://www.thetolet.com/bd/property-post/dhaka/shahjahanpur/48119/bachelor
Seat,Bachelor Seat Rent,"Malibag, Shahjahanpur",1,1,3000,February,Female,https://www.thetolet.com/bd/property-post/dhaka/shahjahanpur/48117/bachelor
Seat,Bachelor Seat Rent,"Malibag, Shahjahanpur",1,1,3700,February,Female,https://www.thetolet.com/bd/property-post/dhaka/shahjahanpur/48116/bachelor
Seat,Bachelor Seat Rent,"Malibag, Shahjahanpur",1,1,3000,January,Male,https://www.thetolet.com/bd/property-post/dhaka/shahjahanpur/47238/bachelor
Seat,Bachelor Seat Rent,"Malibag, Shahjahanpur",1,1,4200,January,Female,https://www.thetolet.com/bd/property-post/dhaka/shahjahanpur/47235/bachelor
Room,Bachelor Room Rent,"Malibag, Shahjahanpur",1,1,10500,February,Male,https://www.thetolet.com/bd/property-post/dhaka/shahjahanpur/47233/bachelor
Seat,Bachelor Seat Rent,"Malibag, Shahjahanpur",1,1,3300,February,Male,https://www.thetolet.com/bd/property-post/dhaka/shahjahanpur/47121/bachelor
Seat,Bachelor Seat Rent,"Malibag, Shahjahanpur",1,1,5000,January,Female,https://www.thetolet.com/bd/property-post/dhaka/shahjahanpur/47120/bachelor
Seat,Bachelor Seat Rent,"Malibag, Shahjahanpur",1,1,3500,February,Female,https://www.thetolet.com/bd/property-post/dhaka/shahjahanpur/47107/bachelor
Room,Bachelor Room Rent,"Malibag, Shahjahanpur",1,1,7500,February,Male,https://www.thetolet.com/bd/property-post/dhaka/shahjahanpur/46791/bachelor
Seat,Bachelor Seat Rent,"Malibag, Shahjahanpur",1,1,3500,January,Female,https://www.thetolet.com/bd/property-post/dhaka/shahjahanpur/46682/bachelor
Room,Bachelor Room Rent,"Shahjahanpur, Dhaka",1,1,7000,February,Male,https://www.thetolet.com/bd/property-post/dhaka/shahjahanpur/46681/bachelor
Seat,Bachelor Seat Rent,"Malibag, Shahjahanpur",1,1,4500,January,Female,https://www.thetolet.com/bd/property-post/dhaka/shahjahanpur/46680/bachelor
Room,Bachelor Room Rent,"Malibag, Shahjahanpur",1,1,8000,January,Male,https://www.thetolet.com/bd/property-post/dhaka/shahjahanpur/46679/bachelor
Room,Bachelor Room Rent,"Malibag, Shahjahanpur",1,1,9000,February,Male,https://www.thetolet.com/bd/property-post/dhaka/shahjahanpur/46671/bachelor
Seat,Bachelor Seat Rent,"Malibag, Shahjahanpur",1,1,2150,January,Male,https://www.thetolet.com/bd/property-post/dhaka/shahjahanpur/46496/bachelor
Seat,Bachelor Seat Rent,"Malibag, Shahjahanpur",1,1,3000,January,Male,https://www.thetolet.com/bd/property-post/dhaka/shahjahanpur/46125/bachelor
Seat,Bachelor Seat Rent,"Malibag, Shahjahanpur",1,1,3600,January,Male,https://www.thetolet.com/bd/property-post/dhaka/shahjahanpur/46124/bachelor
Seat,Bachelor Seat Rent,"Malibag, Shahjahanpur",1,1,2000,January,Male,https://www.thetolet.com/bd/property-post/dhaka/shahjahanpur/46123/bachelor
Seat,Bachelor Seat Rent,"Malibag, Shahjahanpur",1,1,2166,January,Male,https://www.thetolet.com/bd/property-post/dhaka/shahjahanpur/45528/bachelor
Room,Bachelor Room Rent,"Malibag, Shahjahanpur",1,1,2500,January,Male,https://www.thetolet.com/bd/property-post/dhaka/shahjahanpur/45523/bachelor
Seat,Bachelor Seat Rent,"Malibag, Shahjahanpur",1,1,3300,January,Male,https://www.thetolet.com/bd/property-post/dhaka/shahjahanpur/45435/bachelor
Seat,Bachelor Seat Rent,"Malibag, Shahjahanpur",1,1,2555,January,Male,https://www.thetolet.com/bd/property-post/dhaka/shahjahanpur/45024/bachelor
Room,Bachelor Room Rent,"Malibag, Shahjahanpur",1,1,3500,January,Male,https://www.thetolet.com/bd/property-post/dhaka/shahjahanpur/44895/bachelor
Room,Bachelor Room Rent,"Malibag, Shahjahanpur",1,1,6200,January,Male,https://www.thetolet.com/bd/property-post/dhaka/shahjahanpur/44892/bachelor
Seat,Bachelor Seat Rent,"Malibag, Shahjahanpur",1,1,3500,January,Male,https://www.thetolet.com/bd/property-post/dhaka/shahjahanpur/44729/bachelor
Seat,Bachelor Seat Rent,"Malibag, Shahjahanpur",1,1,2700,January,Male,https://www.thetolet.com/bd/property-post/dhaka/shahjahanpur/44727/bachelor
Seat,Bachelor Seat Rent,"Malibag, Shahjahanpur",1,1,2335,January,Male,https://www.thetolet.com/bd/property-post/dhaka/shahjahanpur/44724/bachelor
Seat,Bachelor Seat Rent,"Malibag, Shahjahanpur",1,1,5500,December,Female,https://www.thetolet.com/bd/property-post/dhaka/shahjahanpur/44722/bachelor
Room,Bachelor Room Rent,"Malibag, Shahjahanpur",1,1,4200,January,Male,https://www.thetolet.com/bd/property-post/dhaka/shahjahanpur/44719/bachelor
Seat,Bachelor Seat Rent,"Malibag, Shahjahanpur",1,1,2700,December,Male,https://www.thetolet.com/bd/property-post/dhaka/shahjahanpur/44398/bachelor
Room,Bachelor Room Rent,"Malibag, Shahjahanpur",1,1,10000,December,Male,https://www.thetolet.com/bd/property-post/dhaka/shahjahanpur/43845/bachelor
Seat,Bachelor Seat Rent,"Malibag, Shahjahanpur",1,1,2700,December,Male,https://www.thetolet.com/bd/property-post/dhaka/shahjahanpur/43844/bachelor
Room,Bachelor Room Rent,"Malibag, Shahjahanpur",1,1,9000,January,Male,https://www.thetolet.com/bd/property-post/dhaka/shahjahanpur/43843/bachelor
Seat,Bachelor Seat Rent,"Malibag, Shahjahanpur",1,1,3333,December,Male,https://www.thetolet.com/bd/property-post/dhaka/shahjahanpur/43718/bachelor
Seat,Bachelor Seat Rent,"Malibag, Shahjahanpur",1,1,4000,November,Female,https://www.thetolet.com/bd/property-post/dhaka/shahjahanpur/43714/bachelor
Seat,Bachelor Seat Rent,"Malibag, Shahjahanpur",1,1,5500,December,Female,https://www.thetolet.com/bd/property-post/dhaka/shahjahanpur/43713/bachelor
Seat,Bachelor Seat Rent,"Malibag, Shahjahanpur",1,1,2500,December,Male,https://www.thetolet.com/bd/property-post/dhaka/shahjahanpur/43285/bachelor
Seat,Bachelor Seat Rent,"Malibag, Shahjahanpur",1,1,2350,December,Male,https://www.thetolet.com/bd/property-post/dhaka/shahjahanpur/43280/bachelor
Seat,Bachelor Seat Rent,"Malibag, Shahjahanpur",1,1,3000,December,Male,https://www.thetolet.com/bd/property-post/dhaka/shahjahanpur/43155/bachelor
Flat,Bachelor Flat Rent,"Malibag, Shahjahanpur",1,1,10000,November,Male,https://www.thetolet.com/bd/property-post/dhaka/shahjahanpur/43122/bachelor
Seat,Bachelor Seat Rent,"Malibag, Shahjahanpur",1,1,3500,December,Female,https://www.thetolet.com/bd/property-post/dhaka/shahjahanpur/43121/bachelor
Room,Bachelor Room Rent,"Shahjahanpur, Dhaka",1,1,5000,December,Male,https://www.thetolet.com/bd/property-post/dhaka/shahjahanpur/42693/bachelor
Room,Bachelor Room Rent,"Malibag, Shahjahanpur",1,1,8500,December,Male,https://www.thetolet.com/bd/property-post/dhaka/shahjahanpur/42683/bachelor
Seat,Bachelor Seat Rent,"Shahjahanpur, Dhaka",1,1,2500,December,Male,https://www.thetolet.com/bd/property-post/dhaka/shahjahanpur/42681/bachelor
Seat,Bachelor Seat Rent,"Malibag, Shahjahanpur",1,1,4000,November,Female,https://www.thetolet.com/bd/property-post/dhaka/shahjahanpur/42394/bachelor
Room,Bachelor Room Rent,"Malibag, Shahjahanpur",1,1,6500,November,Male,https://www.thetolet.com/bd/property-post/dhaka/shahjahanpur/42392/bachelor
Seat,Bachelor Seat Rent,"Malibag, Shahjahanpur",1,1,2975,November,Male,https://www.thetolet.com/bd/property-post/dhaka/shahjahanpur/42307/bachelor
Seat,Bachelor Seat Rent,"Malibag, Shahjahanpur",1,1,2300,November,Male,https://www.thetolet.com/bd/property-post/dhaka/shahjahanpur/42009/bachelor
Seat,Bachelor Seat Rent,"Malibag, Shahjahanpur",1,1,4700,November,Female,https://www.thetolet.com/bd/property-post/dhaka/shahjahanpur/41918/bachelor
Room,Bachelor Room Rent,"Shahjahanpur, Dhaka",1,1,7000,November,Male,https://www.thetolet.com/bd/property-post/dhaka/shahjahanpur/41903/bachelor
Seat,Bachelor Seat Rent,"Malibag, Shahjahanpur",1,1,2500,November,Male,https://www.thetolet.com/bd/property-post/dhaka/shahjahanpur/41902/bachelor
Room,Bachelor Room Rent,"Malibag, Shahjahanpur",1,1,13000,November,Male,https://www.thetolet.com/bd/property-post/dhaka/shahjahanpur/41467/bachelor
Seat,Bachelor Seat Rent,"Malibag, Shahjahanpur",1,1,3600,November,Female,https://www.thetolet.com/bd/property-post/dhaka/shahjahanpur/41358/bachelor
Seat,Bachelor Seat Rent,"Malibag, Shahjahanpur",1,1,2800,November,Female,https://www.thetolet.com/bd/property-post/dhaka/shahjahanpur/41145/bachelor
Seat,Bachelor Seat Rent,"Malibag, Shahjahanpur",1,1,2400,November,Female,https://www.thetolet.com/bd/property-post/dhaka/shahjahanpur/40993/bachelor
Seat,Bachelor Seat Rent,"Malibag, Shahjahanpur",1,1,2343,November,Male,https://www.thetolet.com/bd/property-post/dhaka/shahjahanpur/40634/bachelor
Room,Bachelor Room Rent,"Malibag, Shahjahanpur",1,1,7000,November,Male,https://www.thetolet.com/bd/property-post/dhaka/shahjahanpur/40632/bachelor
Room,Bachelor Room Rent,"Malibag, Shahjahanpur",1,1,2500,November,Male,https://www.thetolet.com/bd/property-post/dhaka/shahjahanpur/40631/bachelor
Seat,Bachelor Seat Rent,"Malibag, Shahjahanpur",1,1,2600,October,Male,https://www.thetolet.com/bd/property-post/dhaka/shahjahanpur/40066/bachelor
Seat,Bachelor Seat Rent,"Malibag, Shahjahanpur",1,1,3500,October,Female,https://www.thetolet.com/bd/property-post/dhaka/shahjahanpur/40065/bachelor
Seat,Bachelor Seat Rent,"Malibag, Shahjahanpur",1,1,4000,November,Male,https://www.thetolet.com/bd/property-post/dhaka/shahjahanpur/40062/bachelor
Seat,Bachelor Seat Rent,"Malibag, Shahjahanpur",1,1,2300,October,Male,https://www.thetolet.com/bd/property-post/dhaka/shahjahanpur/39510/bachelor
Seat,Bachelor Seat Rent,"Malibag, Shahjahanpur",1,1,3200,October,Male,https://www.thetolet.com/bd/property-post/dhaka/shahjahanpur/39509/bachelor
Seat,Bachelor Seat Rent,"Malibag, Shahjahanpur",1,1,2700,October,Male,https://www.thetolet.com/bd/property-post/dhaka/shahjahanpur/38981/bachelor
Seat,Bachelor Seat Rent,"Malibag, Shahjahanpur",1,1,1675,October,Male,https://www.thetolet.com/bd/property-post/dhaka/shahjahanpur/38979/bachelor
Seat,Bachelor Seat Rent,"Malibag, Shahjahanpur",1,1,1750,October,Male,https://www.thetolet.com/bd/property-post/dhaka/shahjahanpur/38977/bachelor
Room,Bachelor Room Rent,"Malibag, Shahjahanpur",1,1,6500,October,Female,https://www.thetolet.com/bd/property-post/dhaka/shahjahanpur/38838/bachelor
Seat,Bachelor Seat Rent,"Malibag, Shahjahanpur",1,1,4500,September,Female,https://www.thetolet.com/bd/property-post/dhaka/shahjahanpur/38523/bachelor
Seat,Bachelor Seat Rent,"Malibag, Shahjahanpur",1,1,1750,October,Male,https://www.thetolet.com/bd/property-post/dhaka/shahjahanpur/38434/bachelor
Seat,Bachelor Seat Rent,"Malibag, Shahjahanpur",1,1,5000,September,Female,https://www.thetolet.com/bd/property-post/dhaka/shahjahanpur/37912/bachelor
Seat,Bachelor Seat Rent,"Malibag, Shahjahanpur",1,1,2150,September,Male,https://www.thetolet.com/bd/property-post/dhaka/shahjahanpur/37691/bachelor
Seat,Bachelor Seat Rent,"Malibag, Shahjahanpur",3,3,3333,October,Male,https://www.thetolet.com/bd/property-post/dhaka/shahjahanpur/37688/bachelor
Seat,Bachelor Seat Rent,"Malibag, Shahjahanpur",1,1,3000,September,Male,https://www.thetolet.com/bd/property-post/dhaka/shahjahanpur/37685/bachelor
Seat,Bachelor Seat Rent,"Malibag, Shahjahanpur",1,1,4000,October,Male,https://www.thetolet.com/bd/property-post/dhaka/shahjahanpur/37684/bachelor
Seat,Bachelor Seat Rent,"Malibag, Shahjahanpur",1,1,3000,September,Male,https://www.thetolet.com/bd/property-post/dhaka/shahjahanpur/37421/bachelor
Room,Bachelor Room Rent,"Malibag, Shahjahanpur",1,1,4700,September,Female,https://www.thetolet.com/bd/property-post/dhaka/shahjahanpur/37420/bachelor
Seat,Bachelor Seat Rent,"Malibag, Shahjahanpur",1,1,2250,September,Male,https://www.thetolet.com/bd/property-post/dhaka/shahjahanpur/37351/bachelor
Room,Bachelor Room Rent,"Malibag, Shahjahanpur",1,1,7500,October,Male,https://www.thetolet.com/bd/property-post/dhaka/shahjahanpur/37270/bachelor
Seat,Bachelor Seat Rent,"Malibag, Shahjahanpur",1,1,3500,October,Male,https://www.thetolet.com/bd/property-post/dhaka/shahjahanpur/37244/bachelor
Seat,Bachelor Seat Rent,"Malibag, Shahjahanpur",1,1,3200,October,Female,https://www.thetolet.com/bd/property-post/dhaka/shahjahanpur/37239/bachelor
Room,Bachelor Room Rent,"Malibag, Shahjahanpur",1,1,7000,September,Male,https://www.thetolet.com/bd/property-post/dhaka/shahjahanpur/37238/bachelor
Seat,Bachelor Seat Rent,"Malibag, Shahjahanpur",1,1,2700,September,Female,https://www.thetolet.com/bd/property-post/dhaka/shahjahanpur/37135/bachelor
Seat,Bachelor Seat Rent,"Malibag, Shahjahanpur",1,1,4000,September,Female,https://www.thetolet.com/bd/property-post/dhaka/shahjahanpur/36921/bachelor
Seat,Bachelor Seat Rent,"Malibag, Shahjahanpur",1,1,5000,September,Male,https://www.thetolet.com/bd/property-post/dhaka/shahjahanpur/36920/bachelor
Seat,Bachelor Seat Rent,"Malibag, Shahjahanpur",1,1,3500,September,Male,https://www.thetolet.com/bd/property-post/dhaka/shahjahanpur/36919/bachelor
Room,Bachelor Room Rent,"Malibag, Shahjahanpur",1,1,8500,October,Male,https://www.thetolet.com/bd/property-post/dhaka/shahjahanpur/36856/bachelor
Room,Bachelor Room Rent,"Malibag, Shahjahanpur",1,1,9000,September,Male,https://www.thetolet.com/bd/property-post/dhaka/shahjahanpur/36744/bachelor
Seat,Bachelor Seat Rent,"Malibag, Shahjahanpur",1,1,4000,September,Male,https://www.thetolet.com/bd/property-post/dhaka/shahjahanpur/36600/bachelor
Seat,Bachelor Seat Rent,"Malibag, Shahjahanpur",1,1,3100,September,Male,https://www.thetolet.com/bd/property-post/dhaka/shahjahanpur/36283/bachelor
Room,Bachelor Room Rent,"Malibag, Shahjahanpur",1,1,6000,September,Female,https://www.thetolet.com/bd/property-post/dhaka/shahjahanpur/36278/bachelor
Seat,Bachelor Seat Rent,"Malibag, Shahjahanpur",1,1,3000,September,Male,https://www.thetolet.com/bd/property-post/dhaka/shahjahanpur/36277/bachelor
Seat,Bachelor Seat Rent,"Malibag, Shahjahanpur",1,1,2225,August,Male,https://www.thetolet.com/bd/property-post/dhaka/shahjahanpur/35938/bachelor
Room,Bachelor Room Rent,"Malibag, Shahjahanpur",1,1,7000,September,Male,https://www.thetolet.com/bd/property-post/dhaka/shahjahanpur/35935/bachelor
Seat,Bachelor Seat Rent,"Malibag, Shahjahanpur",1,1,2700,August,Male,https://www.thetolet.com/bd/property-post/dhaka/shahjahanpur/35258/bachelor
Seat,Bachelor Seat Rent,"Malibag, Shahjahanpur",1,1,3000,August,Male,https://www.thetolet.com/bd/property-post/dhaka/shahjahanpur/35130/bachelor
Seat,Bachelor Seat Rent,"Malibag, Shahjahanpur",1,1,2500,August,Male,https://www.thetolet.com/bd/property-post/dhaka/shahjahanpur/35128/bachelor
Room,Bachelor Room Rent,"Malibag, Shahjahanpur",1,1,6500,August,Female,https://www.thetolet.com/bd/property-post/dhaka/shahjahanpur/35127/bachelor
Seat,Bachelor Seat Rent,"Malibag, Shahjahanpur",1,1,3000,August,Male,https://www.thetolet.com/bd/property-post/dhaka/shahjahanpur/34778/bachelor
Seat,Bachelor Seat Rent,"Malibag, Shahjahanpur",1,1,2200,August,Male,https://www.thetolet.com/bd/property-post/dhaka/shahjahanpur/34771/bachelor
Seat,Bachelor Seat Rent,"Malibag, Shahjahanpur",1,1,2166,August,Male,https://www.thetolet.com/bd/property-post/dhaka/shahjahanpur/34770/bachelor
Seat,Bachelor Seat Rent,"Malibag, Shahjahanpur",1,1,3500,August,Male,https://www.thetolet.com/bd/property-post/dhaka/shahjahanpur/34768/bachelor
Seat,Bachelor Seat Rent,"Malibag, Shahjahanpur",1,1,4100,August,Male,https://www.thetolet.com/bd/property-post/dhaka/shahjahanpur/34766/bachelor
Room,Bachelor Room Rent,"Malibag, Shahjahanpur",1,1,7500,September,Male,https://www.thetolet.com/bd/property-post/dhaka/shahjahanpur/34765/bachelor
Seat,Bachelor Seat Rent,"Shahjahanpur, Dhaka",3,2,3000,September,Male,https://www.thetolet.com/bd/property-post/dhaka/shahjahanpur/34375/bachelor
Seat,Bachelor Seat Rent,"Malibag, Shahjahanpur",1,1,5500,August,Male,https://www.thetolet.com/bd/property-post/dhaka/shahjahanpur/34253/bachelor
Seat,Bachelor Seat Rent,"Malibag, Shahjahanpur",1,1,6500,July,Female,https://www.thetolet.com/bd/property-post/dhaka/shahjahanpur/34241/bachelor
Seat,Bachelor Seat Rent,"Malibag, Shahjahanpur",1,1,2420,July,Male,https://www.thetolet.com/bd/property-post/dhaka/shahjahanpur/34239/bachelor
Seat,Bachelor Seat Rent,"Malibag, Shahjahanpur",1,1,2400,July,Male,https://www.thetolet.com/bd/property-post/dhaka/shahjahanpur/34238/bachelor
Seat,Bachelor Seat Rent,"Malibag, Shahjahanpur",1,1,2500,August,Male,https://www.thetolet.com/bd/property-post/dhaka/shahjahanpur/33725/bachelor
Seat,Bachelor Seat Rent,"Malibag, Shahjahanpur",1,1,4300,July,Female,https://www.thetolet.com/bd/property-post/dhaka/shahjahanpur/33720/bachelor
Seat,Bachelor Seat Rent,"Malibag, Shahjahanpur",1,1,4500,August,Female,https://www.thetolet.com/bd/property-post/dhaka/shahjahanpur/33622/bachelor
Seat,Bachelor Seat Rent,"Malibag, Shahjahanpur",1,1,4000,July,Female,https://www.thetolet.com/bd/property-post/dhaka/shahjahanpur/33173/bachelor
Room,Bachelor Room Rent,"Malibag, Shahjahanpur",1,1,7500,July,Male,https://www.thetolet.com/bd/property-post/dhaka/shahjahanpur/33163/bachelor
Seat,Bachelor Seat Rent,"Malibag, Shahjahanpur",1,1,3100,July,Female,https://www.thetolet.com/bd/property-post/dhaka/shahjahanpur/32940/bachelor
Room,Bachelor Room Rent,"Shahjahanpur, Dhaka",1,1,10000,July,Male,https://www.thetolet.com/bd/property-post/dhaka/shahjahanpur/32569/bachelor
Seat,Bachelor Seat Rent,"Malibag, Shahjahanpur",1,1,3450,July,Male,https://www.thetolet.com/bd/property-post/dhaka/shahjahanpur/32535/bachelor
Seat,Bachelor Seat Rent,"Malibag, Shahjahanpur",1,1,7500,June,Male,https://www.thetolet.com/bd/property-post/dhaka/shahjahanpur/32323/bachelor
Seat,Bachelor Seat Rent,"Malibag, Shahjahanpur",1,1,2650,June,Male,https://www.thetolet.com/bd/property-post/dhaka/shahjahanpur/32322/bachelor
Seat,Bachelor Seat Rent,"Malibag, Shahjahanpur",1,1,4000,June,Female,https://www.thetolet.com/bd/property-post/dhaka/shahjahanpur/31971/bachelor
Seat,Bachelor Seat Rent,"Malibag, Shahjahanpur",1,1,3700,June,Female,https://www.thetolet.com/bd/property-post/dhaka/shahjahanpur/31806/bachelor
Seat,Bachelor Seat Rent,"Malibag, Shahjahanpur",1,1,3000,June,Female,https://www.thetolet.com/bd/property-post/dhaka/shahjahanpur/31805/bachelor
Seat,Bachelor Seat Rent,"Malibag, Shahjahanpur",1,1,3500,June,Female,https://www.thetolet.com/bd/property-post/dhaka/shahjahanpur/31803/bachelor
Seat,Bachelor Seat Rent,"Malibag, Shahjahanpur",1,1,2500,June,Male,https://www.thetolet.com/bd/property-post/dhaka/shahjahanpur/31799/bachelor
Flat,Bachelor House Rent,"Malibag, Shahjahanpur",1,1,2000,June,Male,https://www.thetolet.com/bd/property-post/dhaka/shahjahanpur/31790/bachelor
Room,Bachelor Room Rent,"Malibag, Shahjahanpur",1,1,6500,June,Female,https://www.thetolet.com/bd/property-post/dhaka/shahjahanpur/31708/bachelor
Seat,Bachelor Seat Rent,"Malibag, Shahjahanpur",1,1,3000,June,Male,https://www.thetolet.com/bd/property-post/dhaka/shahjahanpur/31706/bachelor
Flat,Bachelor House Rent,"Malibag, Shahjahanpur",1,1,0,April,Male,https://www.thetolet.com/bd/property-post/dhaka/shahjahanpur/30963/bachelor
Flat,Bachelor House Rent,"Malibag, Shahjahanpur",1,1,3200,March,Male,https://www.thetolet.com/bd/property-post/dhaka/shahjahanpur/30828/bachelor
Flat,Bachelor House Rent,"Malibag, Shahjahanpur",1,1,4300,January,Female,https://www.thetolet.com/bd/property-post/dhaka/shahjahanpur/30505/bachelor
Flat,Bachelor House Rent,"Malibag, Shahjahanpur",1,1,0,December,Male,https://www.thetolet.com/bd/property-post/dhaka/shahjahanpur/30264/bachelor
Flat,Bachelor House Rent,"Malibag, Shahjahanpur",1,1,4000,October,Female,https://www.thetolet.com/bd/property-post/dhaka/shahjahanpur/6888/bachelor
Flat,Bachelor House Rent,"Malibag, Shahjahanpur",1,1,6500,September,Male,https://www.thetolet.com/bd/property-post/dhaka/shahjahanpur/6576/bachelor
